Time,Date,Name,Coin_Name,Code,Volume,Bid_Total,Ask_Total,Depth,Hour,Day,Month_Number,Month_Name,Year
14:50:28,2024-07-15,Bybit,BTC,bybit,52760.5035631314,240.05660108620836,502.66380760497225,742.7204086911805,14,15,7,July,2024
14:57:13,2024-07-15,Bybit,BTC,bybit,52983.35081216971,223.2951327928453,528.0230288382375,751.3181616310828,14,15,7,July,2024
14:59:24,2024-07-15,Bybit,BTC,bybit,52983.379774718785,220.80877296140025,532.7769584040346,753.5857313654349,14,15,7,July,2024
15:01:47,2024-07-15,Bybit,ETH,bybit,992285.9201353111,4096.2433610981625,9977.466281012845,14073.709642111007,15,15,7,July,2024
15:02:35,2024-07-15,Bybit,BNB,bybit,5821605.736651521,24491.828117062483,58151.51386113806,82643.34197820054,15,15,7,July,2024
15:02:57,2024-07-15,Bybit,ADA,bybit,7716475719.328299,32450720.956545554,76945462.32543482,109396183.28198037,15,15,7,July,2024
15:03:20,2024-07-15,Bybit,DOGE,bybit,27871165538.86582,117164875.85550936,277544957.9691065,394709833.82461584,15,15,7,July,2024
15:03:54,2024-07-15,Bybit,SOL,bybit,21655948.25470302,90997.35660928211,215464.73278096618,306462.0893902483,15,15,7,July,2024
15:04:30,2024-07-15,Bybit,USDT,bybit,3373239725.207407,14182442.931241024,33540306.196644835,47722749.127885856,15,15,7,July,2024
15:04:55,2024-07-15,Bybit,TONCOIN,bybit,448268966.48343617,1888915.906677898,4461334.369109163,6350250.27578706,15,15,7,July,2024
15:05:16,2024-07-15,Bybit,USDC,bybit,3383374586.4217863,14222651.64129328,33642059.505562566,47864711.146855846,15,15,7,July,2024
15:06:51,2024-07-15,Bybit,XRP,bybit,6331316229.028416,24430999.446973156,68380549.11979216,92811548.56676532,15,15,7,July,2024
15:10:46,2024-07-15,Bybit,BTC,bybit,53324.37855643815,202.43964070044763,572.4326105485025,774.8722512489501,15,15,7,July,2024
15:10:49,2024-07-15,Bybit,ETH,bybit,997867.4580058652,3788.284742063568,10712.021207394455,14500.305949458023,15,15,7,July,2024
15:10:51,2024-07-15,Bybit,BNB,bybit,5856079.242448149,22231.906115883285,62864.5062367775,85096.41235266079,15,15,7,July,2024
15:10:54,2024-07-15,Bybit,ADA,bybit,7739541825.0483055,29382247.08217811,83083314.82330646,112465561.90548456,15,15,7,July,2024
15:10:57,2024-07-15,Bybit,DOGE,bybit,27931116383.90968,106037150.70277886,299838128.4510078,405875279.1537866,15,15,7,July,2024
15:10:59,2024-07-15,Bybit,SOL,bybit,21751700.137634557,82577.73423137191,233502.62732974775,316080.3615611197,15,15,7,July,2024
15:11:02,2024-07-15,Bybit,USDT,bybit,3386982466.147855,12858274.809147386,36358965.02623071,49217239.83537809,15,15,7,July,2024
15:11:05,2024-07-15,Bybit,TONCOIN,bybit,449858890.5814908,1707835.6024127295,4829196.4404510595,6537032.042863789,15,15,7,July,2024
15:11:07,2024-07-15,Bybit,USDC,bybit,3392570350.013036,12879488.543513663,36418950.47819433,49298439.021708,15,15,7,July,2024
15:11:10,2024-07-15,Bybit,XRP,bybit,6340836870.895847,24072230.61260271,68068337.62211512,92140568.23471783,15,15,7,July,2024
15:11:21,2024-07-15,Bybit,BTC,bybit,53435.07743327099,202.67149256952314,572.3525105189811,775.0240030885043,15,15,7,July,2024
15:11:24,2024-07-15,Bybit,ETH,bybit,999975.3249884667,3792.761260638084,10710.911543618731,14503.672804256816,15,15,7,July,2024
15:11:26,2024-07-15,Bybit,BNB,bybit,5869027.438791129,22260.36918233526,62864.184918450876,85124.55410078613,15,15,7,July,2024
15:11:29,2024-07-15,Bybit,ADA,bybit,7757593139.542134,29423424.75879245,83092944.22837648,112516368.98716894,15,15,7,July,2024
15:11:31,2024-07-15,Bybit,DOGE,bybit,27987711758.36258,106153328.26562184,299781302.05920523,405934630.3248271,15,15,7,July,2024
15:11:34,2024-07-15,Bybit,SOL,bybit,21800832.020524353,82687.39144946073,233512.54527387494,316199.93672333565,15,15,7,July,2024
15:11:37,2024-07-15,Bybit,USDT,bybit,3394435673.891929,12874601.806613302,36358397.38743515,49232999.19404846,15,15,7,July,2024
15:11:39,2024-07-15,Bybit,TONCOIN,bybit,450862867.58168864,1710057.413710433,4829271.455298609,6539328.869009042,15,15,7,July,2024
15:11:42,2024-07-15,Bybit,USDC,bybit,3399958563.723514,13061238.964623611,36384795.364761874,49446034.32938548,15,15,7,July,2024
15:11:44,2024-07-15,Bybit,XRP,bybit,6356085696.13534,24417460.566322587,68019910.54899836,92437371.11532095,15,15,7,July,2024
15:11:56,2024-07-15,Bybit,BTC,bybit,53418.51728677934,204.51419337620214,571.9111102607352,776.4253036369373,15,15,7,July,2024
15:11:58,2024-07-15,Bybit,ETH,bybit,999728.423739946,3827.486470258862,10703.325772050815,14530.812242309677,15,15,7,July,2024
15:12:01,2024-07-15,Bybit,BNB,bybit,5867765.170266452,22464.892731401542,62821.6630435548,85286.55577495633,15,15,7,July,2024
15:12:03,2024-07-15,Bybit,ADA,bybit,7755958804.2413435,29693891.543130577,83037104.66273081,112730996.20586139,15,15,7,July,2024
15:12:06,2024-07-15,Bybit,DOGE,bybit,27980173701.865185,107122828.29645696,299562268.2901076,406685096.58656454,15,15,7,July,2024
15:12:09,2024-07-15,Bybit,SOL,bybit,21791246.72819018,83576.00112266121,233272.88720292918,316848.8883255904,15,15,7,July,2024
15:12:12,2024-07-15,Bybit,USDT,bybit,3393305979.6481314,13014351.491772534,36324965.382153936,49339316.87392647,15,15,7,July,2024
15:12:14,2024-07-15,Bybit,TONCOIN,bybit,450696305.3335098,1728556.2129772212,4824654.124118236,6553210.337095457,15,15,7,July,2024
15:12:16,2024-07-15,Bybit,USDC,bybit,3399209916.5517707,13036994.86979681,36388166.37402717,49425161.243823975,15,15,7,July,2024
15:12:19,2024-07-15,Bybit,XRP,bybit,6354451707.221347,24371238.123314817,68023703.0411622,92394941.164477,15,15,7,July,2024
15:12:30,2024-07-15,Bybit,BTC,bybit,53395.143267278625,206.31872713855103,570.1761623844806,776.4948895230316,15,15,7,July,2024
15:12:33,2024-07-15,Bybit,ETH,bybit,999204.145902057,3860.922827796028,10669.928957719123,14530.85178551515,15,15,7,July,2024
15:12:36,2024-07-15,Bybit,BNB,bybit,5866583.607443222,22717.11535939589,62818.7350868239,85535.85044621979,15,15,7,July,2024
15:12:38,2024-07-15,Bybit,ADA,bybit,7752670770.998283,30020592.568515472,83014749.97489284,113035342.5434083,15,15,7,July,2024
15:12:41,2024-07-15,Bybit,DOGE,bybit,27975164395.92742,108327960.41192335,299554998.06880075,407882958.48072416,15,15,7,July,2024
15:12:44,2024-07-15,Bybit,SOL,bybit,21774326.003706355,84316.51345967429,233157.09933555374,317473.612795228,15,15,7,July,2024
15:12:46,2024-07-15,Bybit,USDT,bybit,3393019138.151634,13138755.421508698,36332077.51674131,49470832.93825001,15,15,7,July,2024
15:12:49,2024-07-15,Bybit,TONCOIN,bybit,450674158.23251045,1745141.2145694306,4825769.553606319,6570910.76817575,15,15,7,July,2024
15:12:52,2024-07-15,Bybit,USDC,bybit,3398843637.577009,13161309.574694056,36394445.61901327,49555755.19370733,15,15,7,July,2024
15:12:54,2024-07-15,Bybit,XRP,bybit,6357734454.663342,24618994.06798676,68077924.59535567,92696918.66334243,15,15,7,July,2024
15:13:05,2024-07-15,Bybit,BTC,bybit,53377.25482269433,206.647449676675,570.9883421547796,777.6357918314545,15,15,7,July,2024
15:13:08,2024-07-15,Bybit,ETH,bybit,998802.3491685104,3866.814786042345,10684.410417628887,14551.225203671233,15,15,7,July,2024
15:13:10,2024-07-15,Bybit,BNB,bybit,5864838.7318345895,22705.438313086834,62737.481641180006,85442.91995426684,15,15,7,July,2024
15:13:13,2024-07-15,Bybit,ADA,bybit,7750248211.01712,30004709.54319224,82906125.31491996,112910834.8581122,15,15,7,July,2024
15:13:15,2024-07-15,Bybit,DOGE,bybit,27973303645.511005,108297286.48612235,299236637.8937795,407533924.3799019,15,15,7,July,2024
15:13:19,2024-07-15,Bybit,SOL,bybit,21767188.101529654,84270.61156957631,232848.44244517654,317119.05401475285,15,15,7,July,2024
15:13:21,2024-07-15,Bybit,USDT,bybit,3392023470.865856,13132054.127291486,36285227.94237683,49417282.069668315,15,15,7,July,2024
15:13:24,2024-07-15,Bybit,TONCOIN,bybit,450552357.5082342,1744291.5701484254,4819658.570342499,6563950.140490925,15,15,7,July,2024
15:13:26,2024-07-15,Bybit,USDC,bybit,3397735833.7865987,13154169.26290721,36346334.35642408,49500503.619331285,15,15,7,July,2024
15:13:29,2024-07-15,Bybit,XRP,bybit,6356547845.199683,24609066.264677815,67997403.16384625,92606469.42852408,15,15,7,July,2024
15:13:41,2024-07-15,Bybit,BTC,bybit,53369.95501561896,206.70362665958666,571.4105281652257,778.1141548248123,15,15,7,July,2024
15:13:43,2024-07-15,Bybit,ETH,bybit,998855.5897493727,3867.994532219971,10695.609131614217,14563.603663834188,15,15,7,July,2024
15:13:46,2024-07-15,Bybit,BNB,bybit,5862233.860149343,22701.06785240291,62771.99892529385,85473.06677769676,15,15,7,July,2024
15:13:48,2024-07-15,Bybit,ADA,bybit,7744950287.074811,29991748.226825878,82931869.095432,112923617.32225788,15,15,7,July,2024
15:13:51,2024-07-15,Bybit,DOGE,bybit,27975066240.715797,108331378.79794116,299553185.67801046,407884564.4759516,15,15,7,July,2024
15:13:53,2024-07-15,Bybit,SOL,bybit,21745454.60711655,84207.66763899187,232847.3557677503,317055.0234067422,15,15,7,July,2024
15:13:56,2024-07-15,Bybit,USDT,bybit,3388526222.8870735,13121817.645031027,36283875.65145323,49405693.296484254,15,15,7,July,2024
15:13:59,2024-07-15,Bybit,TONCOIN,bybit,450145869.2565254,1743156.6473212899,4820100.442133543,6563257.089454833,15,15,7,July,2024
15:14:01,2024-07-15,Bybit,USDC,bybit,3394251226.2498555,13143987.297913222,36345178.204969354,49489165.50288258,15,15,7,July,2024
15:14:04,2024-07-15,Bybit,XRP,bybit,6349694167.5527,24588721.90676281,67991657.27097224,92580379.17773505,15,15,7,July,2024
15:14:15,2024-07-15,Bybit,BTC,bybit,53358.115238836705,206.93557901798863,570.4929008100695,777.4284798280581,15,15,7,July,2024
15:14:18,2024-07-15,Bybit,ETH,bybit,998760.7975685067,3873.4341162574583,10678.524570626463,14551.958686883921,15,15,7,July,2024
15:14:21,2024-07-15,Bybit,BNB,bybit,5861677.537241829,22732.99253087187,62671.730567431136,85404.723098303,15,15,7,July,2024
15:14:23,2024-07-15,Bybit,ADA,bybit,7744264585.777211,30034117.002691373,82799925.52969818,112834042.53238955,15,15,7,July,2024
15:14:26,2024-07-15,Bybit,DOGE,bybit,27973361933.267555,108487412.3238744,299084859.4124313,407572271.73630565,15,15,7,July,2024
15:14:28,2024-07-15,Bybit,SOL,bybit,21740465.33314847,84251.7942134867,232334.9851922645,316586.7794057512,15,15,7,July,2024
15:14:31,2024-07-15,Bybit,USDT,bybit,3387759483.8679614,13128735.31020672,36204149.1503544,49332884.46056112,15,15,7,July,2024
15:14:34,2024-07-15,Bybit,TONCOIN,bybit,450044247.9391055,1744076.5311732055,4809511.759684736,6553588.290857941,15,15,7,July,2024
15:14:36,2024-07-15,Bybit,USDC,bybit,3393423553.9230947,13150685.53332215,36264679.668548085,49415365.20187023,15,15,7,July,2024
15:14:39,2024-07-15,Bybit,XRP,bybit,6349050928.1281595,24604760.020108234,67850739.65838444,92455499.67849268,15,15,7,July,2024
15:14:50,2024-07-15,Bybit,BTC,bybit,53334.66538373844,207.0412408337167,569.8940845577116,776.9353253914284,15,15,7,July,2024
15:14:53,2024-07-15,Bybit,ETH,bybit,998342.05345449,3875.4902845367783,10667.531642607499,14543.021927144278,15,15,7,July,2024
15:14:55,2024-07-15,Bybit,BNB,bybit,5858680.2606803,22742.965050814557,62601.446917387664,85344.41196820221,15,15,7,July,2024
15:14:58,2024-07-15,Bybit,ADA,bybit,7739489126.437486,30044126.472484432,82698354.60522564,112742481.07771008,15,15,7,July,2024
15:15:01,2024-07-15,Bybit,DOGE,bybit,27958679009.533295,108533531.66382267,298745396.91851056,407278928.5823332,15,15,7,July,2024
15:15:04,2024-07-15,Bybit,SOL,bybit,21726550.21550712,84340.86692566302,232153.56010162132,316494.42702728434,15,15,7,July,2024
15:15:06,2024-07-15,Bybit,USDT,bybit,3385963413.6128654,13146810.705438042,36180712.20503145,49327522.91046949,15,15,7,July,2024
15:15:09,2024-07-15,Bybit,TONCOIN,bybit,449775383.63405484,1746360.2249302894,4806074.881597036,6552435.106527326,15,15,7,July,2024
15:15:11,2024-07-15,Bybit,USDC,bybit,3391618091.6824164,13168766.342017487,36241135.267792255,49409901.60980974,15,15,7,July,2024
15:15:14,2024-07-15,Bybit,XRP,bybit,6345100140.090789,24636364.97472196,67800567.82591611,92436932.80063808,15,15,7,July,2024
15:15:24,2024-07-15,Bybit,BTC,bybit,53494.27416825917,206.32393011083727,568.9316615745423,775.2555916853795,15,15,7,July,2024
15:15:27,2024-07-15,Bybit,ETH,bybit,1001421.6646577318,3862.418114141205,10650.494851438192,14512.912965579397,15,15,7,July,2024
15:15:30,2024-07-15,Bybit,BNB,bybit,5876189.01254207,22664.07816523243,62495.47321861387,85159.5513838463,15,15,7,July,2024
15:15:33,2024-07-15,Bybit,ADA,bybit,7762560772.693615,29939691.139816884,82557744.1165169,112497435.25633378,15,15,7,July,2024
15:15:36,2024-07-15,Bybit,DOGE,bybit,28044471910.07238,108165700.95276442,298263473.0511997,406429174.0039641,15,15,7,July,2024
15:15:38,2024-07-15,Bybit,SOL,bybit,21790367.39407406,84044.02731333872,231748.72676721317,315792.7540805519,15,15,7,July,2024
15:15:41,2024-07-15,Bybit,USDT,bybit,3396453392.564037,13099899.443217423,36122555.210563235,49222454.653780654,15,15,7,July,2024
15:15:43,2024-07-15,Bybit,TONCOIN,bybit,451209097.60222805,1734656.0398060002,4800303.905621513,6534959.945427513,15,15,7,July,2024
15:15:46,2024-07-15,Bybit,USDC,bybit,3401830098.1521525,13078205.110473223,36191243.4682699,49269448.57874313,15,15,7,July,2024
15:15:49,2024-07-15,Bybit,XRP,bybit,6363326084.727397,24463562.647086445,67697879.36365701,92161442.01074345,15,15,7,July,2024
15:16:00,2024-07-15,Bybit,BTC,bybit,53468.054478032056,209.05111750308575,565.6604839251966,774.7116014282823,15,15,7,July,2024
15:16:03,2024-07-15,Bybit,ETH,bybit,1001290.663266462,3914.8784100095068,10593.064712421803,14507.94312243131,15,15,7,July,2024
15:16:05,2024-07-15,Bybit,BNB,bybit,5876407.283081086,22975.766023731114,62168.92348037313,85144.68950410424,15,15,7,July,2024
15:16:08,2024-07-15,Bybit,ADA,bybit,7762885338.690569,30351578.544312764,82126748.7700282,112478327.31434098,15,15,7,July,2024
15:16:11,2024-07-15,Bybit,DOGE,bybit,28029980813.38031,109592519.6798535,296540666.49881697,406133186.17867047,15,15,7,July,2024
15:16:14,2024-07-15,Bybit,SOL,bybit,21791243.146953452,85200.10268044725,230538.50124473427,315738.60392518155,15,15,7,July,2024
15:16:17,2024-07-15,Bybit,USDT,bybit,3396617179.229029,13280202.991858367,35934206.622399725,49214409.614258096,15,15,7,July,2024
15:23:07,2024-07-15,Bybit,BTC,bybit,54116.230000023155,207.0997539781713,554.8614558229754,761.9612098011467,15,15,7,July,2024
15:23:09,2024-07-15,Bybit,ETH,bybit,1008500.145624425,3859.473064655076,10340.296413822834,14199.76947847791,15,15,7,July,2024
15:23:12,2024-07-15,Bybit,BNB,bybit,5946541.158710734,22757.076961745777,60970.738065679536,83727.81502742531,15,15,7,July,2024
15:23:15,2024-07-15,Bybit,ADA,bybit,7894190626.096183,30210621.40730435,80940266.96497408,111150888.37227842,15,15,7,July,2024
15:23:17,2024-07-15,Bybit,DOGE,bybit,28308696677.236244,108335782.39459386,290253120.93572676,398588903.33032066,15,15,7,July,2024
15:23:20,2024-07-15,Bybit,SOL,bybit,21997542.980294477,84183.3538541263,225543.95830177827,309727.3121559046,15,15,7,July,2024
15:23:24,2024-07-15,Bybit,USDT,bybit,3447105178.3827634,13191876.713873917,35343663.03143361,48535539.745307535,15,15,7,July,2024
15:23:26,2024-07-15,Bybit,TONCOIN,bybit,457012326.705737,1748960.3474911184,4685812.831471852,6434773.17896297,15,15,7,July,2024
15:23:29,2024-07-15,Bybit,USDC,bybit,3452974959.636645,13214340.035017759,35403846.7392028,48618186.774220556,15,15,7,July,2024
15:23:31,2024-07-15,Bybit,XRP,bybit,6474330299.430486,24720627.05664632,65985038.04747432,90705665.10412063,15,15,7,July,2024
15:23:43,2024-07-15,Bybit,BTC,bybit,54338.98050156494,206.74578673801804,547.8894475126104,754.6352342506284,15,15,7,July,2024
15:23:46,2024-07-15,Bybit,ETH,bybit,1012534.0303484049,3852.4304793934875,10209.185107168647,14061.615586562133,15,15,7,July,2024
15:23:48,2024-07-15,Bybit,BNB,bybit,5970593.281542576,22716.56541752186,60200.33913320577,82916.90455072763,15,15,7,July,2024
15:23:51,2024-07-15,Bybit,ADA,bybit,7927172844.360386,30160845.33033041,79928153.04859275,110088998.37892315,15,15,7,July,2024
15:23:54,2024-07-15,Bybit,DOGE,bybit,28425815647.1367,108152887.03231904,286612010.1306743,394764897.1629933,15,15,7,July,2024
15:23:56,2024-07-15,Bybit,SOL,bybit,22086464.3232626,84033.29250247133,222693.55486400455,306726.84736647585,15,15,7,July,2024
15:23:59,2024-07-15,Bybit,USDT,bybit,3461048144.827637,13168394.309862694,34897080.11414656,48065474.42400925,15,15,7,July,2024
15:24:02,2024-07-15,Bybit,TONCOIN,bybit,458868891.7809442,1745877.6216480832,4626686.428011744,6372564.049659828,15,15,7,July,2024
15:24:04,2024-07-15,Bybit,USDC,bybit,3467007297.8068833,13191067.347884653,34957165.10292084,48148232.450805485,15,15,7,July,2024
15:24:07,2024-07-15,Bybit,XRP,bybit,6472298806.775173,24625425.366081927,65258939.06453492,89884364.43061684,15,15,7,July,2024
15:24:17,2024-07-15,Bybit,BTC,bybit,54295.624515799434,207.28135025086354,547.9583513686115,755.239701619475,15,15,7,July,2024
15:24:20,2024-07-15,Bybit,ETH,bybit,1013284.0890541971,3868.357644652422,10226.191960359807,14094.54960501223,15,15,7,July,2024
15:24:23,2024-07-15,Bybit,BNB,bybit,5967527.866937512,22781.89531752272,60225.050561151635,83006.94587867436,15,15,7,July,2024
15:24:25,2024-07-15,Bybit,ADA,bybit,7927520064.0795355,30264447.230827175,80005541.21061023,110269988.44143741,15,15,7,July,2024
15:24:28,2024-07-15,Bybit,DOGE,bybit,28419248506.290062,108494565.74137917,286810672.084822,395305237.8262012,15,15,7,July,2024
15:24:31,2024-07-15,Bybit,SOL,bybit,22079149.020217076,84290.32471979185,222825.5813361079,307115.90605589974,15,15,7,July,2024
15:24:33,2024-07-15,Bybit,USDT,bybit,3459720554.110343,13207980.465128992,34915940.05838814,48123920.523517124,15,15,7,July,2024
15:24:36,2024-07-15,Bybit,TONCOIN,bybit,458705049.47452855,1751172.4539479585,4629309.726447285,6380482.180395244,15,15,7,July,2024
15:24:39,2024-07-15,Bybit,USDC,bybit,3465688546.46606,13230764.13369919,34976169.79662915,48206933.93032834,15,15,7,July,2024
15:24:41,2024-07-15,Bybit,XRP,bybit,6469763437.825439,24691603.570996705,65271985.38441962,89963588.95541632,15,15,7,July,2024
15:24:52,2024-07-15,Bybit,BTC,bybit,54365.96780731884,206.80357261044927,545.9876074084638,752.791180018913,15,15,7,July,2024
15:24:55,2024-07-15,Bybit,ETH,bybit,1014824.4902736618,3860.307074914583,10191.699287829822,14052.006362744403,15,15,7,July,2024
15:24:57,2024-07-15,Bybit,BNB,bybit,5975743.052044088,22731.224367138388,60013.30948502079,82744.53385215918,15,15,7,July,2024
15:24:59,2024-07-15,Bybit,ADA,bybit,7939251209.924837,30200244.38603404,79732467.7100306,109932712.09606464,15,15,7,July,2024
15:25:02,2024-07-15,Bybit,DOGE,bybit,28458605689.54595,108254144.37518513,285804643.1857014,394058787.5608865,15,15,7,July,2024
15:25:05,2024-07-15,Bybit,SOL,bybit,22109841.285821885,84103.97813505735,222045.1475564765,306149.12569153385,15,15,7,July,2024
15:25:07,2024-07-15,Bybit,USDT,bybit,3464655833.263922,13179259.619253118,34794913.53123466,47974173.15048777,15,15,7,July,2024
15:25:10,2024-07-15,Bybit,TONCOIN,bybit,459342655.1808003,1747300.8570440824,4613095.423439765,6360396.280483847,15,15,7,July,2024
15:25:12,2024-07-15,Bybit,USDC,bybit,3470495578.1167073,13201473.517899595,34853561.035337746,48055034.55323734,15,15,7,July,2024
15:25:15,2024-07-15,Bybit,XRP,bybit,6476879466.347262,24637505.171526738,65046132.091993906,89683637.26352063,15,15,7,July,2024
15:25:25,2024-07-15,Bybit,BTC,bybit,54361.23604052986,205.74743259531388,545.9826118792547,751.7300444745684,15,15,7,July,2024
15:25:28,2024-07-15,Bybit,ETH,bybit,1014763.5677281888,3840.6963115348017,10191.881265081463,14032.577576616264,15,15,7,July,2024
15:25:30,2024-07-15,Bybit,BNB,bybit,5975746.756823221,22617.119157104567,60018.02129346002,82635.14045056459,15,15,7,July,2024
15:25:33,2024-07-15,Bybit,ADA,bybit,7940501587.901619,30054899.684500154,79741991.86983761,109796891.55433775,15,15,7,July,2024
15:25:36,2024-07-15,Bybit,DOGE,bybit,28455080777.90173,107702843.30617289,285758373.69067794,393461216.9968508,15,15,7,July,2024
15:25:38,2024-07-15,Bybit,SOL,bybit,22101878.50461143,83655.89175212906,221956.73617245798,305612.627924587,15,15,7,July,2024
15:25:41,2024-07-15,Bybit,USDT,bybit,3465278561.126574,13116123.506881742,34799843.78683327,47915967.29371501,15,15,7,July,2024
15:25:43,2024-07-15,Bybit,TONCOIN,bybit,459369088.9195475,1738717.854634385,4613185.420136348,6351903.274770733,15,15,7,July,2024
15:25:46,2024-07-15,Bybit,USDC,bybit,3471082791.6185794,13138092.59324887,34858132.409482665,47996225.00273153,15,15,7,July,2024
15:25:49,2024-07-15,Bybit,XRP,bybit,6474386461.403289,24496769.44342295,64958809.63403437,89455579.07745732,15,15,7,July,2024
15:26:00,2024-07-15,Bybit,BTC,bybit,54426.84005029167,210.0301604934119,545.3178670711544,755.3480275645663,15,15,7,July,2024
15:26:02,2024-07-15,Bybit,ETH,bybit,1015729.5599357419,3919.64410011827,10176.8810504793,14096.52515059757,15,15,7,July,2024
15:26:05,2024-07-15,Bybit,BNB,bybit,5984033.089799574,23092.05217659438,59955.71592981405,83047.76810640843,15,15,7,July,2024
15:26:07,2024-07-15,Bybit,ADA,bybit,7951502626.552062,30684408.12061376,79668348.34275512,110352756.4633689,15,15,7,July,2024
15:26:10,2024-07-15,Bybit,DOGE,bybit,28492676627.11077,109951660.60255028,285476166.3746619,395427826.97721225,15,15,7,July,2024
15:26:12,2024-07-15,Bybit,SOL,bybit,22129689.65296557,85397.2463804069,221723.60455523286,307120.85093563976,15,15,7,July,2024
15:26:15,2024-07-15,Bybit,USDT,bybit,3469772299.2033195,13389659.076365259,34764627.66671294,48154286.743078195,15,15,7,July,2024
15:26:17,2024-07-15,Bybit,TONCOIN,bybit,459910349.31619334,1774768.558861862,4607971.554132364,6382740.112994226,15,15,7,July,2024
15:26:20,2024-07-15,Bybit,USDC,bybit,3475635907.0788727,13412286.414311662,34823376.80844308,48235663.22275475,15,15,7,July,2024
15:26:22,2024-07-15,Bybit,XRP,bybit,6480652959.661278,25008480.741524674,64931490.52793326,89939971.26945794,15,15,7,July,2024
15:26:34,2024-07-15,Bybit,BTC,bybit,54404.840375568325,209.94711411157436,545.4933944958665,755.4405086074408,15,15,7,July,2024
15:26:36,2024-07-15,Bybit,ETH,bybit,1015447.7787266053,3918.5912356871295,10181.448046295773,14100.039281982901,15,15,7,July,2024
15:26:39,2024-07-15,Bybit,BNB,bybit,5981717.7435497055,23083.320693873837,59976.051658638804,83059.37235251264,15,15,7,July,2024
15:26:41,2024-07-15,Bybit,ADA,bybit,7946168469.726471,30664093.984046184,79672734.6659702,110336828.65001638,15,15,7,July,2024
15:26:44,2024-07-15,Bybit,DOGE,bybit,28493718466.56949,109956649.4647848,285693976.8748688,395650626.3396536,15,15,7,July,2024
15:26:46,2024-07-15,Bybit,SOL,bybit,22130169.206779394,85399.84912538451,221889.46862152952,307289.317746914,15,15,7,July,2024
15:26:49,2024-07-15,Bybit,USDT,bybit,3468337358.883523,13384239.605084013,34775492.513048984,48159732.11813299,15,15,7,July,2024
15:26:52,2024-07-15,Bybit,TONCOIN,bybit,459911923.0120932,1774790.2634276384,4611334.475409121,6386124.73883676,15,15,7,July,2024
15:26:55,2024-07-15,Bybit,USDC,bybit,3474225668.9110255,13406962.467401676,34834532.006641336,48241494.47404301,15,15,7,July,2024
15:26:57,2024-07-15,Bybit,XRP,bybit,6475634810.858109,24996129.385104418,64932745.514602855,89928874.89970726,15,15,7,July,2024
15:27:09,2024-07-15,Bybit,BTC,bybit,54460.32062859312,210.8925141175603,547.2479583039889,758.1404724215491,15,15,7,July,2024
15:27:11,2024-07-15,Bybit,ETH,bybit,1016691.1849732914,3937.04182431138,10216.2853391315,14153.32716344288,15,15,7,July,2024
15:27:13,2024-07-15,Bybit,BNB,bybit,5987585.463346374,23186.36646431904,60166.6292479849,83352.99571230393,15,15,7,July,2024
15:27:16,2024-07-15,Bybit,ADA,bybit,7951367155.050064,30790927.975548714,79899813.13187419,110690741.1074229,15,15,7,July,2024
15:27:18,2024-07-15,Bybit,DOGE,bybit,28525884158.903496,110463826.8423807,286644141.7272888,397107968.5696695,15,15,7,July,2024
15:27:21,2024-07-15,Bybit,SOL,bybit,22151723.578119166,85780.48427746599,222592.9880896701,308373.4723671361,15,15,7,July,2024
15:27:23,2024-07-15,Bybit,USDT,bybit,3471931851.268548,13444732.394293556,34887925.65021636,48332658.04450992,15,15,7,July,2024
15:27:26,2024-07-15,Bybit,TONCOIN,bybit,460413697.3562219,1782909.1171129872,4626496.005627574,6409405.122740561,15,15,7,July,2024
15:27:28,2024-07-15,Bybit,USDC,bybit,3477910174.807431,13467882.894818911,34947999.21043365,48415882.10525256,15,15,7,July,2024
15:27:31,2024-07-15,Bybit,XRP,bybit,6482557788.830848,25123698.041515227,65164140.796359584,90287838.83787481,15,15,7,July,2024
15:27:42,2024-07-15,Bybit,BTC,bybit,54446.647924318095,211.09391137310118,547.6951402896312,758.7890516627324,15,15,7,July,2024
15:27:44,2024-07-15,Bybit,ETH,bybit,1016411.0529312065,3940.705128887652,10224.383234774888,14165.08836366254,15,15,7,July,2024
15:27:47,2024-07-15,Bybit,BNB,bybit,5986198.719787971,23208.960518068845,60216.96601401831,83425.92653208716,15,15,7,July,2024
15:27:49,2024-07-15,Bybit,ADA,bybit,7948658136.168906,30817569.12682395,79957933.11380191,110775502.24062586,15,15,7,July,2024
15:27:52,2024-07-15,Bybit,DOGE,bybit,28513527941.85671,110549177.4013217,286826118.4412138,397375295.8425355,15,15,7,July,2024
15:27:55,2024-07-15,Bybit,SOL,bybit,22146406.918857053,85863.35132807713,222777.340878632,308640.6922067091,15,15,7,July,2024
15:27:57,2024-07-15,Bybit,USDT,bybit,3471072839.67904,13457620.814550132,34916561.41120189,48374182.22575202,15,15,7,July,2024
15:28:00,2024-07-15,Bybit,TONCOIN,bybit,460226588.9185602,1784334.4719359225,4629557.113105346,6413891.585041269,15,15,7,July,2024
15:28:02,2024-07-15,Bybit,USDC,bybit,3477033011.4610457,13480728.866595281,34976516.5644527,48457245.43104798,15,15,7,July,2024
15:28:05,2024-07-15,Bybit,XRP,bybit,6481478802.186081,25129200.125178106,65199136.71787419,90328336.8430523,15,15,7,July,2024
15:28:16,2024-07-15,Bybit,BTC,bybit,54438.714377595,212.21324533816954,547.779721702353,759.9929670405226,15,15,7,July,2024
15:28:18,2024-07-15,Bybit,ETH,bybit,1015825.4460690104,3959.8953992954666,10221.559904707543,14181.455304003008,15,15,7,July,2024
15:28:21,2024-07-15,Bybit,BNB,bybit,5984067.7793920515,23327.12038311847,60213.60019832652,83540.72058144498,15,15,7,July,2024
15:28:23,2024-07-15,Bybit,ADA,bybit,7943152347.627608,30964032.806022767,79926534.49240156,110890567.29842432,15,15,7,July,2024
15:28:26,2024-07-15,Bybit,DOGE,bybit,28482499832.40601,111030611.09882474,286600005.3447984,397630616.44362307,15,15,7,July,2024
15:28:29,2024-07-15,Bybit,SOL,bybit,22137060.757287174,86294.79147813201,222750.17181385835,309044.96329199034,15,15,7,July,2024
15:28:32,2024-07-15,Bybit,USDT,bybit,3469597260.5329366,13525199.907680942,34912195.181747094,48437395.08942803,15,15,7,July,2024
15:28:34,2024-07-15,Bybit,TONCOIN,bybit,459879390.163426,1792703.9417904483,4627453.224061577,6420157.165852024,15,15,7,July,2024
15:33:08,2024-07-15,Bybit,BTC,bybit,54748.420682231634,201.09915855682632,539.2094187094142,740.3085772662406,15,15,7,July,2024
15:33:10,2024-07-15,Bybit,ETH,bybit,1024657.0849715817,3763.7191179096553,10091.70208526805,13855.421203177706,15,15,7,July,2024
15:33:18,2024-07-15,Bybit,BNB,bybit,5987868.858745964,21994.340184377976,58973.66985931123,80968.01004368921,15,15,7,July,2024
15:33:25,2024-07-15,Bybit,ADA,bybit,8052414744.70599,29317801.783467155,78415251.15098889,107733052.93445605,15,15,7,July,2024
15:33:32,2024-07-15,Bybit,DOGE,bybit,29007655312.77598,105613125.4568353,282479560.3266828,388092685.7835181,15,15,7,July,2024
15:33:40,2024-07-15,Bybit,SOL,bybit,22555799.264631793,82122.75110927536,219650.71600543498,301773.4671147103,15,15,7,July,2024
15:33:47,2024-07-15,Bybit,USDT,bybit,3510306814.9520397,12780573.6121054,34183732.363321334,46964305.97542673,15,15,7,July,2024
15:33:54,2024-07-15,Bybit,TONCOIN,bybit,466096085.3393643,1696995.6311569004,4538892.090277385,6235887.721434285,15,15,7,July,2024
15:34:01,2024-07-15,Bybit,USDC,bybit,3516464454.3701925,12802992.781713393,34243696.095540814,47046688.8772542,15,15,7,July,2024
15:34:08,2024-07-15,Bybit,XRP,bybit,6584344346.120816,23972747.124156103,64119029.1278904,88091776.2520465,15,15,7,July,2024
15:34:24,2024-07-15,Bybit,BTC,bybit,55395.667728016735,201.98992669665847,540.6301754457717,742.6201021424301,15,15,7,July,2024
15:34:26,2024-07-15,Bybit,ETH,bybit,1036242.5512849756,3778.4643738151085,10113.137277380145,13891.601651195255,15,15,7,July,2024
15:34:33,2024-07-15,Bybit,BNB,bybit,6064574.233461566,22113.334040448837,59186.79142813206,81300.1254685809,15,15,7,July,2024
15:34:40,2024-07-15,Bybit,ADA,bybit,8050399348.11488,29354273.373658434,78567313.84390685,107921587.21756528,15,15,7,July,2024
15:34:47,2024-07-15,Bybit,DOGE,bybit,28998319505.554714,105736940.6577416,283007087.10460496,388744027.76234657,15,15,7,July,2024
15:34:55,2024-07-15,Bybit,SOL,bybit,22563808.86550782,82274.70280020233,220209.926985225,302484.6297854273,15,15,7,July,2024
15:35:02,2024-07-15,Bybit,USDT,bybit,3510173635.2382135,12775257.979699185,34302601.72503539,47077859.70473457,15,15,7,July,2024
15:35:09,2024-07-15,Bybit,TONCOIN,bybit,465854633.9165544,1695475.4230892682,4552488.745451267,6247964.168540535,15,15,7,July,2024
15:35:16,2024-07-15,Bybit,USDC,bybit,3516331350.312853,12797668.950442705,34362776.995461084,47160445.945903786,15,15,7,July,2024
15:35:23,2024-07-15,Bybit,XRP,bybit,6581189876.604898,23952204.99720564,64313609.14677153,88265814.14397717,15,15,7,July,2024
15:45:31,2024-07-15,Bybit,SOL,bybit,22589090.95276229,81312.22265412612,219713.77607251165,301025.9987266378,15,15,7,July,2024
15:45:34,2024-07-15,Bybit,USDT,bybit,3517961381.0262527,12663336.461870497,34217604.44981638,46880940.91168688,15,15,7,July,2024
15:45:41,2024-07-15,Bybit,TONCOIN,bybit,466582210.2985929,1679520.2892223585,4538232.17088896,6217752.460111319,15,15,7,July,2024
15:45:49,2024-07-15,Bybit,USDC,bybit,3524033487.3951015,12685193.758654853,34276665.05662892,46961858.81528377,15,15,7,July,2024
15:45:56,2024-07-15,Bybit,XRP,bybit,6579771180.443436,23684698.970677033,63998430.69256102,87683129.66323805,15,15,7,July,2024
22:24:37,2024-07-15,Bybit,BTC,bybit,61606.669196332194,282.9802093472697,381.64027403287946,664.6204833801492,22,15,7,July,2024
22:24:41,2024-07-15,Bybit,ETH,bybit,1148448.577773754,5275.211648389839,7114.395821943583,12389.607470333422,22,15,7,July,2024
22:24:51,2024-07-15,Bybit,BNB,bybit,6862313.9841563115,31520.922542568853,42510.58243494515,74031.50497751399,22,15,7,July,2024
22:25:03,2024-07-15,Bybit,ADA,bybit,8902233651.719538,40890961.56771099,55147452.9408455,96038414.50855647,22,15,7,July,2024
22:25:13,2024-07-15,Bybit,DOGE,bybit,31783734078.57635,146170597.98606372,196981086.00844347,343151683.9945072,22,15,7,July,2024
22:25:22,2024-07-15,Bybit,SOL,bybit,25306340.53098876,116381.63467856684,156837.15539432733,273218.7900728942,22,15,7,July,2024
22:25:32,2024-07-15,Bybit,USDT,bybit,3979638639.969414,18302008.138334833,24663985.020902023,42965993.159236856,22,15,7,July,2024
22:25:41,2024-07-15,Bybit,TONCOIN,bybit,523592276.37621677,2407954.8346832893,3244986.09795945,5652940.932642739,22,15,7,July,2024
22:25:52,2024-07-15,Bybit,USDC,bybit,3982977759.976323,18317364.457606524,24684679.363600943,43002043.821207464,22,15,7,July,2024
22:26:02,2024-07-15,Bybit,XRP,bybit,7117739184.435772,32733856.579774648,44112500.7844834,76846357.36425805,22,15,7,July,2024
22:26:21,2024-07-15,Bybit,BTC,bybit,61581.69442988648,279.91388611722164,381.7963857555547,661.7102718727764,22,15,7,July,2024
22:26:26,2024-07-15,Bybit,ETH,bybit,1148042.6251162724,5218.321379422051,7117.675618064673,12335.996997486725,22,15,7,July,2024
22:26:36,2024-07-15,Bybit,BNB,bybit,6860403.82412861,31183.32992496107,42533.37634056261,73716.70626552368,22,15,7,July,2024
22:26:45,2024-07-15,Bybit,ADA,bybit,8897838239.869501,40444299.281176545,55165134.90689289,95609434.18806945,22,15,7,July,2024
22:26:54,2024-07-15,Bybit,DOGE,bybit,31772583031.44077,144419332.24878097,196984793.6115764,341404125.8603574,22,15,7,July,2024
22:27:03,2024-07-15,Bybit,SOL,bybit,25335622.747561555,115013.79631155955,156925.51185968384,271939.3081712434,22,15,7,July,2024
22:34:12,2024-07-15,Bybit,BTC,bybit,61124.01192044561,265.38064494891455,399.7661356243931,665.1467805733075,22,15,7,July,2024
22:34:16,2024-07-15,Bybit,ETH,bybit,1140700.704588575,4952.552673921251,7460.464361712869,12413.017035634119,22,15,7,July,2024
22:34:26,2024-07-15,Bybit,BNB,bybit,6808974.587047579,29562.360365076678,44532.37561977205,74094.73598484872,22,15,7,July,2024
22:34:35,2024-07-15,Bybit,ADA,bybit,8794098064.628895,38181122.97950425,57515573.48974842,95696696.46925266,22,15,7,July,2024
22:34:47,2024-07-15,Bybit,DOGE,bybit,31507203597.8317,136794064.2085455,206064893.82649684,342858958.03504235,22,15,7,July,2024
22:34:56,2024-07-15,Bybit,SOL,bybit,25155756.985394947,109218.14199059865,164524.86417034184,273743.00616094045,22,15,7,July,2024
22:35:06,2024-07-15,Bybit,USDT,bybit,3949094265.3014035,17145687.10662777,25828051.923534222,42973739.030161984,22,15,7,July,2024
22:35:15,2024-07-15,Bybit,TONCOIN,bybit,519127552.38517725,2253883.5448503625,3395222.417391006,5649105.962241367,22,15,7,July,2024
22:35:24,2024-07-15,Bybit,USDC,bybit,3949976981.3804617,17161234.475112867,25850562.249309294,43011796.72442216,22,15,7,July,2024
22:35:34,2024-07-15,Bybit,XRP,bybit,7084737879.147652,30780647.2067782,46365955.657022454,77146602.86380066,22,15,7,July,2024
22:35:53,2024-07-15,Bybit,BTC,bybit,61075.50806900754,265.2779798729779,397.004491468846,662.2824713418239,22,15,7,July,2024
22:35:57,2024-07-15,Bybit,ETH,bybit,1139827.3985890513,4950.7751840547,7409.13356345424,12359.90874750894,22,15,7,July,2024
22:36:06,2024-07-15,Bybit,BNB,bybit,6802728.908320699,29547.264353230417,44219.26261827924,73766.52697150965,22,15,7,July,2024
22:36:16,2024-07-15,Bybit,ADA,bybit,8791262030.208471,38184344.35736024,57145173.605905026,95329517.96326526,22,15,7,July,2024
22:36:25,2024-07-15,Bybit,DOGE,bybit,31478479517.067394,136724977.32356963,204617172.21845618,341342149.5420258,22,15,7,July,2024
22:36:35,2024-07-15,Bybit,SOL,bybit,25139073.761567585,109190.1306135921,163409.61393939538,272599.74455298745,22,15,7,July,2024
22:36:44,2024-07-15,Bybit,USDT,bybit,3945423750.310717,17136722.64572457,25646138.67561178,42782861.32133635,22,15,7,July,2024
22:36:53,2024-07-15,Bybit,TONCOIN,bybit,518709239.51982635,2252983.9464584603,3371726.316596269,5624710.263054729,22,15,7,July,2024
22:37:02,2024-07-15,Bybit,USDC,bybit,3948771697.2645745,17151264.26204052,25667901.081196338,42819165.343236856,22,15,7,July,2024
22:37:11,2024-07-15,Bybit,XRP,bybit,7081239335.982205,30756958.48365215,46029642.821381226,76786601.30503337,22,15,7,July,2024
22:37:29,2024-07-15,Bybit,BTC,bybit,61056.33997601763,265.745589356834,394.1952861998902,659.9408755567241,22,15,7,July,2024
22:37:34,2024-07-15,Bybit,ETH,bybit,1139489.6503705592,4959.588943960277,7356.835490402301,12316.424434362578,22,15,7,July,2024
22:37:43,2024-07-15,Bybit,BNB,bybit,6801029.333480684,29601.24287123742,43909.17807419037,73510.42094542779,22,15,7,July,2024
22:37:52,2024-07-15,Bybit,ADA,bybit,8791562467.298145,38264968.88213823,56760567.11394848,95025535.99608672,22,15,7,July,2024
22:38:01,2024-07-15,Bybit,DOGE,bybit,31469657672.41521,136970586.97423843,203176127.4531511,340146714.4273895,22,15,7,July,2024
22:38:14,2024-07-15,Bybit,SOL,bybit,25134472.818997595,109396.91594814621,162274.5600253773,271671.4759735235,22,15,7,July,2024
22:38:30,2024-07-15,Bybit,USDT,bybit,3944212310.1672606,17167046.457838528,25464839.540827706,42631885.998666234,22,15,7,July,2024
22:38:39,2024-07-15,Bybit,TONCOIN,bybit,518518825.04390264,2260036.2516667065,3347466.0917369495,5607502.343403655,22,15,7,July,2024
22:38:49,2024-07-15,Bybit,USDC,bybit,3947164201.6453605,17204262.90452285,25482195.98855848,42686458.89308133,22,15,7,July,2024
22:38:59,2024-07-15,Bybit,XRP,bybit,7078433188.404479,30852333.29655943,45697116.35600353,76549449.65256295,22,15,7,July,2024
22:39:16,2024-07-15,Bybit,BTC,bybit,60985.00780513329,266.15159957527146,394.0778383027737,660.2294378780452,22,15,7,July,2024
22:39:21,2024-07-15,Bybit,ETH,bybit,1138196.9085853791,4967.334411427736,7354.892512786908,12322.226924214645,22,15,7,July,2024
22:39:30,2024-07-15,Bybit,BNB,bybit,6790382.604196189,29634.680012007633,43878.64155828068,73513.32157028832,22,15,7,July,2024
22:39:39,2024-07-15,Bybit,ADA,bybit,8781503767.875334,38324358.04492204,56745028.760997966,95069386.80592002,22,15,7,July,2024
22:39:48,2024-07-15,Bybit,DOGE,bybit,31428025284.158424,137158614.9107087,203084146.6099407,340242761.52064943,22,15,7,July,2024
22:39:57,2024-07-15,Bybit,SOL,bybit,25094111.471865725,109550.19547784625,162249.92281275653,271800.11829060275,22,15,7,July,2024
22:40:08,2024-07-15,Bybit,USDT,bybit,3937581437.824598,17189802.344954364,25459051.820673384,42648854.16562774,22,15,7,July,2024
22:40:17,2024-07-15,Bybit,TONCOIN,bybit,517868692.99830186,2260793.9959709877,3348361.4496700275,5609155.445641015,22,15,7,July,2024
22:40:26,2024-07-15,Bybit,USDC,bybit,3940765263.9742227,17203701.572964486,25479637.349178944,42683338.92214342,22,15,7,July,2024
22:40:35,2024-07-15,Bybit,XRP,bybit,7057757710.990046,30811162.122280598,45633042.04347401,76444204.1657546,22,15,7,July,2024
