Time,Date,Name,Rank,Age,Exchanges,Markets,Pairs,All_Time_High,Circulating_Supply,Total_Supply,Max_Supply,Code,Rate,Volume,Cap,Delta_Hour_Change,Delta_Day_Change,Delta_Week_Change,Delta_Month_Change,Delta_Quarter_Change,Delta_Year_Change,Hour,Day,Month_Number,Month_Name,Year
15:46:51,2024-07-06,Cardano,10,2469,99,267,88,3.0939096930263132,37007766297.0,37007766297.0,45000000000.0,ADA,0.37289812334474426,268049013.0,13800126601.0,1.0059,1.0613,0.964,0.8211,0.6351,1.3222,15,6,7,July,2024
15:48:47,2024-07-06,Cardano,10,2469,99,267,88,3.0939096930263132,37007766297.0,37007766297.0,45000000000.0,ADA,0.3727419286472235,267998727.0,13794346184.0,1.0055,1.0608,0.9636,0.8207,0.6348,1.3217,15,6,7,July,2024
17:36:13,2024-07-06,Cardano,10,2469,99,265,88,3.0939096930263132,37007766297.0,37007766297.0,45000000000.0,ADA,0.3724059105282544,263964489.0,13781910904.0,0.9998,1.0625,0.9621,0.8171,0.6342,1.3123,17,6,7,July,2024
18:09:11,2024-07-06,Cardano,10,2469,99,263,87,3.0939096930263132,37007766297.0,37007766297.0,45000000000.0,ADA,0.3711683066626148,259953369.0,13736109949.0,0.9959,1.0653,0.9611,0.8149,0.6361,1.3103,18,6,7,July,2024
18:11:24,2024-07-06,Cardano,10,2469,99,263,87,3.0939096930263132,37007766297.0,37007766297.0,45000000000.0,ADA,0.3712253314095004,259992393.0,13738220308.0,0.9961,1.0664,0.9609,0.814,0.6347,1.309,18,6,7,July,2024
00:54:07,2024-07-07,Cardano,10,2470,98,261,88,3.0939096930263132,37007766297.0,37007766297.0,45000000000.0,ADA,0.3669629069953729,248806735.0,13580477501.0,0.9903,1.0468,0.964,0.7971,0.6298,1.2969,0,7,7,July,2024
01:04:12,2024-07-07,Cardano,10,2470,98,261,88,3.0939096930263132,37007766297.0,37007766297.0,45000000000.0,ADA,0.36684878818610034,248234422.0,13576254219.0,0.9887,1.0497,0.9637,0.7953,0.6297,1.2961,1,7,7,July,2024
01:05:24,2024-07-07,Cardano,10,2470,98,261,88,3.0939096930263132,37007766297.0,37007766297.0,45000000000.0,ADA,0.366899949631898,247727258.0,13578147590.0,0.9888,1.0499,0.9639,0.7954,0.6298,1.2963,1,7,7,July,2024
01:05:45,2024-07-07,Cardano,10,2470,98,261,88,3.0939096930263132,37007766297.0,37007766297.0,45000000000.0,ADA,0.36688890786602457,247607129.0,13577738959.0,0.9888,1.0498,0.9638,0.7954,0.6298,1.2963,1,7,7,July,2024
01:06:07,2024-07-07,Cardano,10,2470,98,261,88,3.0939096930263132,37007766297.0,37007766297.0,45000000000.0,ADA,0.3667600398638042,247458764.0,13572969842.0,0.9869,1.0489,0.9635,0.7943,0.6289,1.2958,1,7,7,July,2024
01:06:31,2024-07-07,Cardano,10,2470,98,261,88,3.0939096930263132,37007766297.0,37007766297.0,45000000000.0,ADA,0.36654331342266006,247222399.0,13564949280.0,0.9864,1.0483,0.963,0.7938,0.6286,1.295,1,7,7,July,2024
01:06:53,2024-07-07,Cardano,10,2470,98,261,88,3.0939096930263132,37007766297.0,37007766297.0,45000000000.0,ADA,0.36618047215309185,246815505.0,13551521335.0,0.9854,1.0472,0.962,0.793,0.6279,1.2938,1,7,7,July,2024
01:07:17,2024-07-07,Cardano,10,2470,98,261,88,3.0939096930263132,37007766297.0,37007766297.0,45000000000.0,ADA,0.3654797089314392,246423547.0,13525587654.0,0.9835,1.0452,0.9602,0.7915,0.6267,1.2913,1,7,7,July,2024
01:07:38,2024-07-07,Cardano,10,2470,98,261,88,3.0939096930263132,37007766297.0,37007766297.0,45000000000.0,ADA,0.3653794199301591,246335123.0,13521876182.0,0.9832,1.0449,0.9599,0.7913,0.6266,1.2909,1,7,7,July,2024
01:08:01,2024-07-07,Cardano,10,2470,98,261,88,3.0939096930263132,37007766297.0,37007766297.0,45000000000.0,ADA,0.3652758856256191,246227400.0,13518044609.0,0.9829,1.0446,0.9596,0.7911,0.6264,1.2906,1,7,7,July,2024
01:08:21,2024-07-07,Cardano,10,2470,98,261,88,3.0939096930263132,37007766297.0,37007766297.0,45000000000.0,ADA,0.36522096375588897,246217008.0,13516012073.0,0.9828,1.0445,0.9595,0.7909,0.6263,1.2904,1,7,7,July,2024
01:08:46,2024-07-07,Cardano,10,2470,98,261,88,3.0939096930263132,37007766297.0,37007766297.0,45000000000.0,ADA,0.3651238926522552,246072395.0,13512419688.0,0.9825,1.0442,0.9592,0.7907,0.6261,1.29,1,7,7,July,2024
01:09:08,2024-07-07,Cardano,10,2470,98,261,88,3.0939096930263132,37007766297.0,37007766297.0,45000000000.0,ADA,0.36511728118883396,246031308.0,13512175013.0,0.9825,1.0442,0.9592,0.7907,0.6261,1.29,1,7,7,July,2024
01:09:32,2024-07-07,Cardano,10,2470,98,262,88,3.0939096930263132,37007766297.0,37007766297.0,45000000000.0,ADA,0.365226370552741,246070846.0,13516212166.0,0.9828,1.0445,0.9595,0.7909,0.6263,1.2904,1,7,7,July,2024
01:10:06,2024-07-07,Cardano,10,2470,98,262,88,3.0939096930263132,37007766297.0,37007766297.0,45000000000.0,ADA,0.3653099118012629,246076779.0,13519303841.0,0.983,1.0447,0.9597,0.7911,0.6264,1.2907,1,7,7,July,2024
01:11:22,2024-07-07,Cardano,10,2470,98,262,88,3.0939096930263132,37007766297.0,37007766297.0,45000000000.0,ADA,0.36588131839144544,246641812.0,13540450323.0,0.9867,1.0449,0.9609,0.7925,0.6274,1.2972,1,7,7,July,2024
01:11:46,2024-07-07,Cardano,10,2470,98,262,88,3.0939096930263132,37007766297.0,37007766297.0,45000000000.0,ADA,0.3659759742623534,246765436.0,13543953325.0,0.987,1.0452,0.9611,0.7927,0.6275,1.2976,1,7,7,July,2024
01:12:04,2024-07-07,Cardano,10,2470,98,262,88,3.0939096930263132,37007766297.0,37007766297.0,45000000000.0,ADA,0.36604337290469807,246770023.0,13546447599.0,0.9872,1.0454,0.9613,0.7929,0.6276,1.2978,1,7,7,July,2024
01:12:27,2024-07-07,Cardano,10,2470,98,262,88,3.0939096930263132,37007766297.0,37007766297.0,45000000000.0,ADA,0.36628530697158895,247002348.0,13555401038.0,0.9878,1.0461,0.962,0.7934,0.628,1.2987,1,7,7,July,2024
01:12:51,2024-07-07,Cardano,10,2470,98,262,88,3.0939096930263132,37007766297.0,37007766297.0,45000000000.0,ADA,0.36630971183581,246988604.0,13556304207.0,0.9879,1.0461,0.962,0.7934,0.6281,1.2988,1,7,7,July,2024
01:13:19,2024-07-07,Cardano,10,2470,98,262,88,3.0939096930263132,37007766297.0,37007766297.0,45000000000.0,ADA,0.36661284780240005,247197420.0,13567522592.0,0.9887,1.047,0.9628,0.7941,0.6286,1.2998,1,7,7,July,2024
01:14:01,2024-07-07,Cardano,10,2470,98,262,88,3.0939096930263132,37007766297.0,37007766297.0,45000000000.0,ADA,0.3666639409500671,247143554.0,13569413436.0,0.9888,1.0472,0.963,0.7942,0.6287,1.3,1,7,7,July,2024
01:14:24,2024-07-07,Cardano,10,2470,98,262,88,3.0939096930263132,37007766297.0,37007766297.0,45000000000.0,ADA,0.3666775673143699,247034923.0,13569917717.0,0.9889,1.0472,0.963,0.7942,0.6287,1.3001,1,7,7,July,2024
01:14:46,2024-07-07,Cardano,10,2470,98,262,88,3.0939096930263132,37007766297.0,37007766297.0,45000000000.0,ADA,0.3666953569117082,247002761.0,13570576070.0,0.9889,1.0472,0.963,0.7943,0.6287,1.3001,1,7,7,July,2024
01:15:07,2024-07-07,Cardano,10,2470,98,262,88,3.0939096930263132,37007766297.0,37007766297.0,45000000000.0,ADA,0.36678600084612567,247036852.0,13573930600.0,0.9892,1.0475,0.9633,0.7945,0.6289,1.3005,1,7,7,July,2024
01:16:40,2024-07-07,Cardano,10,2470,98,262,88,3.0939096930263132,37007766297.0,37007766297.0,45000000000.0,ADA,0.36738073244462977,247416344.0,13595940288.0,0.9919,1.0515,0.9641,0.7946,0.6284,1.3035,1,7,7,July,2024
01:17:02,2024-07-07,Cardano,10,2470,98,262,88,3.0939096930263132,37007766297.0,37007766297.0,45000000000.0,ADA,0.36750924561199466,247515959.0,13600696273.0,0.9922,1.0519,0.9644,0.7949,0.6286,1.304,1,7,7,July,2024
01:17:25,2024-07-07,Cardano,10,2470,98,262,88,3.0939096930263132,37007766297.0,37007766297.0,45000000000.0,ADA,0.3679053758743071,247559303.0,13615356169.0,0.9933,1.053,0.9654,0.7957,0.6292,1.3054,1,7,7,July,2024
01:17:49,2024-07-07,Cardano,10,2470,98,262,88,3.0939096930263132,37007766297.0,37007766297.0,45000000000.0,ADA,0.36792120038747517,247526396.0,13615941799.0,0.9933,1.053,0.9655,0.7958,0.6293,1.3055,1,7,7,July,2024
01:18:29,2024-07-07,Cardano,10,2470,98,262,88,3.0939096930263132,37007766297.0,37007766297.0,45000000000.0,ADA,0.36786229840357015,247649443.0,13613761968.0,0.9932,1.0529,0.9653,0.7956,0.6292,1.3053,1,7,7,July,2024
01:20:05,2024-07-07,Cardano,10,2470,98,262,88,3.0939096930263132,37007766297.0,37007766297.0,45000000000.0,ADA,0.36784992123187676,247561520.0,13613303917.0,0.9931,1.0528,0.9653,0.7956,0.6292,1.3052,1,7,7,July,2024
01:30:10,2024-07-07,Cardano,10,2470,98,262,88,3.0939096930263132,37007766297.0,37007766297.0,45000000000.0,ADA,0.36784992123187676,247561520.0,13613303917.0,0.9931,1.0528,0.9653,0.7956,0.6292,1.3052,1,7,7,July,2024
01:30:44,2024-07-07,Cardano,10,2470,98,262,88,3.0939096930263132,37007766297.0,37007766297.0,45000000000.0,ADA,0.3684808576434122,246657678.0,13636653464.0,0.9944,1.0537,0.967,0.7935,0.6303,1.3046,1,7,7,July,2024
01:31:04,2024-07-07,Cardano,10,2470,98,262,88,3.0939096930263132,37007766297.0,37007766297.0,45000000000.0,ADA,0.3684808576434122,246657678.0,13636653464.0,0.9944,1.0537,0.967,0.7935,0.6303,1.3046,1,7,7,July,2024
01:31:26,2024-07-07,Cardano,10,2470,98,262,88,3.0939096930263132,37007766297.0,37007766297.0,45000000000.0,ADA,0.3684048943943536,246615292.0,13633842234.0,0.9961,1.0551,0.9666,0.7947,0.6304,1.3056,1,7,7,July,2024
01:32:00,2024-07-07,Cardano,10,2470,98,262,88,3.0939096930263132,37007766297.0,37007766297.0,45000000000.0,ADA,0.36847225062029026,246497489.0,13636334937.0,0.9962,1.0553,0.9667,0.7948,0.6305,1.3058,1,7,7,July,2024
01:32:42,2024-07-07,Cardano,10,2470,98,262,88,3.0939096930263132,37007766297.0,37007766297.0,45000000000.0,ADA,0.36872910055933295,246624019.0,13645840380.0,0.9969,1.0561,0.9674,0.7954,0.631,1.3067,1,7,7,July,2024
01:44:44,2024-07-07,Cardano,10,2470,98,262,88,3.0939096930263132,37007766297.0,37007766297.0,45000000000.0,ADA,0.36778731555813887,244693347.0,13610987021.0,0.9997,1.0504,0.9647,0.7945,0.6285,1.3027,1,7,7,July,2024
01:44:52,2024-07-07,Cardano,10,2470,98,262,88,3.0939096930263132,37007766297.0,37007766297.0,45000000000.0,ADA,0.3678867174578295,244602106.0,13614665663.0,1.0,1.0506,0.965,0.7947,0.6286,1.3031,1,7,7,July,2024
01:45:01,2024-07-07,Cardano,10,2470,98,262,88,3.0939096930263132,37007766297.0,37007766297.0,45000000000.0,ADA,0.3679354290096849,244581944.0,13616468369.0,1.0001,1.0508,0.9651,0.7948,0.6287,1.3032,1,7,7,July,2024
01:46:39,2024-07-07,Cardano,10,2470,98,262,88,3.0939096930263132,37007766297.0,37007766297.0,45000000000.0,ADA,0.36773770497101776,244231528.0,13609151044.0,0.9997,1.054,0.9648,0.7944,0.6283,1.3034,1,7,7,July,2024
01:47:02,2024-07-07,Cardano,10,2470,98,262,88,3.0939096930263132,37007766297.0,37007766297.0,45000000000.0,ADA,0.3677125414045791,244185364.0,13608219796.0,0.9996,1.0539,0.9647,0.7943,0.6283,1.3033,1,7,7,July,2024
01:47:25,2024-07-07,Cardano,10,2470,98,262,88,3.0939096930263132,37007766297.0,37007766297.0,45000000000.0,ADA,0.3677572219363074,244292940.0,13609873323.0,0.9997,1.0541,0.9648,0.7944,0.6284,1.3034,1,7,7,July,2024
01:47:45,2024-07-07,Cardano,10,2470,98,262,88,3.0939096930263132,37007766297.0,37007766297.0,45000000000.0,ADA,0.3677710062657079,244282533.0,13610383450.0,0.9998,1.0541,0.9648,0.7944,0.6284,1.3035,1,7,7,July,2024
01:48:17,2024-07-07,Cardano,10,2470,98,262,88,3.0939096930263132,37007766297.0,37007766297.0,45000000000.0,ADA,0.3677910512226241,244303464.0,13611125269.0,0.9998,1.0542,0.9649,0.7945,0.6284,1.3036,1,7,7,July,2024
01:49:56,2024-07-07,Cardano,10,2470,98,262,88,3.0939096930263132,37007766297.0,37007766297.0,45000000000.0,ADA,0.36779022372709325,244273410.0,13611094646.0,0.9998,1.0542,0.9649,0.7945,0.6284,1.3036,1,7,7,July,2024
01:50:20,2024-07-07,Cardano,10,2470,98,262,88,3.0939096930263132,37007766297.0,37007766297.0,45000000000.0,ADA,0.36781209977131085,244317831.0,13611904229.0,0.9999,1.0542,0.965,0.7945,0.6285,1.3036,1,7,7,July,2024
01:50:41,2024-07-07,Cardano,10,2470,98,262,88,3.0939096930263132,37007766297.0,37007766297.0,45000000000.0,ADA,0.3678079667579806,244256782.0,13611751275.0,0.9999,1.0542,0.9649,0.7945,0.6285,1.3036,1,7,7,July,2024
01:51:03,2024-07-07,Cardano,10,2470,98,262,88,3.0939096930263132,37007766297.0,37007766297.0,45000000000.0,ADA,0.36783098891829585,244251974.0,13612603274.0,0.9999,1.0543,0.965,0.7946,0.6285,1.3037,1,7,7,July,2024
01:51:26,2024-07-07,Cardano,10,2470,98,262,88,3.0939096930263132,37007766297.0,37007766297.0,45000000000.0,ADA,0.36799347904990626,244511475.0,13618616671.0,1.0,1.0534,0.9653,0.795,0.6282,1.3029,1,7,7,July,2024
01:51:48,2024-07-07,Cardano,10,2470,98,262,88,3.0939096930263132,37007766297.0,37007766297.0,45000000000.0,ADA,0.36800799810030355,244477231.0,13619153989.0,1.0001,1.0535,0.9654,0.795,0.6282,1.303,1,7,7,July,2024
01:52:09,2024-07-07,Cardano,10,2470,98,262,88,3.0939096930263132,37007766297.0,37007766297.0,45000000000.0,ADA,0.3680283575336349,244464270.0,13619907446.0,1.0001,1.0535,0.9654,0.795,0.6282,1.303,1,7,7,July,2024
01:52:38,2024-07-07,Cardano,10,2470,98,262,88,3.0939096930263132,37007766297.0,37007766297.0,45000000000.0,ADA,0.36797597343515276,244423275.0,13617968827.0,1.0,1.0534,0.9653,0.7949,0.6281,1.3029,1,7,7,July,2024
01:53:10,2024-07-07,Cardano,10,2470,98,262,88,3.0939096930263132,37007766297.0,37007766297.0,45000000000.0,ADA,0.3679161281187896,244384475.0,13615754086.0,0.9998,1.0532,0.9651,0.7948,0.628,1.3026,1,7,7,July,2024
01:53:59,2024-07-07,Cardano,10,2470,98,262,88,3.0939096930263132,37007766297.0,37007766297.0,45000000000.0,ADA,0.36789329615377747,244410934.0,13614909126.0,0.9998,1.0531,0.9651,0.7947,0.628,1.3026,1,7,7,July,2024
01:55:20,2024-07-07,Cardano,10,2470,98,262,88,3.0939096930263132,37007766297.0,37007766297.0,45000000000.0,ADA,0.3676794407806459,243800907.0,13606994816.0,0.9992,1.0525,0.9645,0.7943,0.6276,1.3018,1,7,7,July,2024
01:55:52,2024-07-07,Cardano,10,2470,98,262,88,3.0939096930263132,37007766297.0,37007766297.0,45000000000.0,ADA,0.36763281533163483,243678901.0,13605269312.0,1.0023,1.0526,0.9647,0.7948,0.627,1.3007,1,7,7,July,2024
01:56:14,2024-07-07,Cardano,10,2470,98,262,88,3.0939096930263132,37007766297.0,37007766297.0,45000000000.0,ADA,0.36767444700064905,243611977.0,13606810007.0,1.0024,1.0527,0.9649,0.7949,0.627,1.3009,1,7,7,July,2024
01:56:36,2024-07-07,Cardano,10,2470,98,262,88,3.0939096930263132,37007766297.0,37007766297.0,45000000000.0,ADA,0.36760016171675514,243442174.0,13604060875.0,1.0022,1.0525,0.9647,0.7947,0.6269,1.3006,1,7,7,July,2024
01:56:59,2024-07-07,Cardano,10,2470,98,262,88,3.0939096930263132,37007766297.0,37007766297.0,45000000000.0,ADA,0.36756743234998507,243328013.0,13602849634.0,1.0021,1.0524,0.9646,0.7947,0.6268,1.3005,1,7,7,July,2024
01:57:23,2024-07-07,Cardano,10,2470,98,262,88,3.0939096930263132,37007766297.0,37007766297.0,45000000000.0,ADA,0.36754449792762217,243293257.0,13602000883.0,1.002,1.0523,0.9645,0.7946,0.6268,1.3004,1,7,7,July,2024
01:57:46,2024-07-07,Cardano,10,2470,98,262,88,3.0939096930263132,37007766297.0,37007766297.0,45000000000.0,ADA,0.36754134520977183,243242048.0,13601884208.0,1.002,1.0523,0.9645,0.7946,0.6268,1.3004,1,7,7,July,2024
01:58:11,2024-07-07,Cardano,10,2470,98,262,88,3.0939096930263132,37007766297.0,37007766297.0,45000000000.0,ADA,0.36754657924037837,243222580.0,13602077907.0,1.002,1.0523,0.9645,0.7946,0.6268,1.3004,1,7,7,July,2024
01:58:30,2024-07-07,Cardano,10,2470,98,262,88,3.0939096930263132,37007766297.0,37007766297.0,45000000000.0,ADA,0.36757713048475815,243203564.0,13603208541.0,1.0021,1.0524,0.9646,0.7947,0.6269,1.3006,1,7,7,July,2024
01:58:52,2024-07-07,Cardano,10,2470,98,262,88,3.0939096930263132,37007766297.0,37007766297.0,45000000000.0,ADA,0.3675940572661235,243197284.0,13603834963.0,1.0021,1.0525,0.9646,0.7947,0.6269,1.3006,1,7,7,July,2024
01:59:12,2024-07-07,Cardano,10,2470,98,262,88,3.0939096930263132,37007766297.0,37007766297.0,45000000000.0,ADA,0.36760236748074276,243200842.0,13604142505.0,1.0022,1.0525,0.9647,0.7948,0.6269,1.3006,1,7,7,July,2024
01:59:32,2024-07-07,Cardano,10,2470,98,262,88,3.0939096930263132,37007766297.0,37007766297.0,45000000000.0,ADA,0.3676712813812312,243234251.0,13606692855.0,1.0024,1.0527,0.9648,0.7949,0.627,1.3009,1,7,7,July,2024
02:00:04,2024-07-07,Cardano,10,2470,98,262,88,3.0939096930263132,37007766297.0,37007766297.0,45000000000.0,ADA,0.36768820699754123,243201386.0,13607319234.0,1.0024,1.0527,0.9649,0.7949,0.6271,1.3009,2,7,7,July,2024
02:00:29,2024-07-07,Cardano,10,2470,98,262,88,3.0939096930263132,37007766297.0,37007766297.0,45000000000.0,ADA,0.36779140012908845,243301955.0,13611138182.0,1.0027,1.053,0.9652,0.7952,0.6272,1.3013,2,7,7,July,2024
02:00:54,2024-07-07,Cardano,10,2470,98,262,88,3.0939096930263132,37007766297.0,37007766297.0,45000000000.0,ADA,0.3677897675034883,243138407.0,13611077762.0,1.0031,1.0534,0.966,0.7961,0.6277,1.3009,2,7,7,July,2024
02:01:17,2024-07-07,Cardano,10,2470,98,262,88,3.0939096930263132,37007766297.0,37007766297.0,45000000000.0,ADA,0.3677558778131609,243043317.0,13609823580.0,1.003,1.0533,0.966,0.7961,0.6277,1.3008,2,7,7,July,2024
11:27:54,2024-07-07,Cardano,10,2470,99,263,89,3.0939096930263132,37007766297.0,37007766297.0,45000000000.0,ADA,0.35774606253870367,232147231.0,13239382676.0,1.0126,0.9953,0.9298,0.7373,0.5872,1.2384,11,7,7,July,2024
11:28:13,2024-07-07,Cardano,10,2470,99,263,89,3.0939096930263132,37007766297.0,37007766297.0,45000000000.0,ADA,0.3578146498294832,232165357.0,13241920938.0,1.0128,0.9955,0.93,0.7374,0.5873,1.2387,11,7,7,July,2024
11:28:44,2024-07-07,Cardano,10,2470,99,263,89,3.0939096930263132,37007766297.0,37007766297.0,45000000000.0,ADA,0.3579590426629444,232306524.0,13247264594.0,1.0132,0.9959,0.9304,0.7377,0.5876,1.2392,11,7,7,July,2024
11:29:03,2024-07-07,Cardano,10,2470,99,263,89,3.0939096930263132,37007766297.0,37007766297.0,45000000000.0,ADA,0.3580285554151507,232311527.0,13249837106.0,1.0134,0.9961,0.9305,0.7378,0.5877,1.2394,11,7,7,July,2024
11:30:36,2024-07-07,Cardano,10,2470,99,263,89,3.0939096930263132,37007766297.0,37007766297.0,45000000000.0,ADA,0.35794732237372723,232161446.0,13246830853.0,1.0132,0.9959,0.9303,0.7377,0.5875,1.2391,11,7,7,July,2024
11:31:01,2024-07-07,Cardano,10,2470,99,263,89,3.0939096930263132,37007766297.0,37007766297.0,45000000000.0,ADA,0.3578818920514787,232048182.0,13244409422.0,1.013,0.9957,0.9302,0.7375,0.5874,1.2389,11,7,7,July,2024
11:31:21,2024-07-07,Cardano,10,2470,99,263,89,3.0939096930263132,37007766297.0,37007766297.0,45000000000.0,ADA,0.3578214525830681,231971251.0,13242172693.0,1.0086,0.994,0.9312,0.7393,0.5895,1.236,11,7,7,July,2024
11:31:44,2024-07-07,Cardano,10,2470,99,263,89,3.0939096930263132,37007766297.0,37007766297.0,45000000000.0,ADA,0.3577812657689804,231826158.0,13240685469.0,1.0085,0.9939,0.9311,0.7392,0.5894,1.2358,11,7,7,July,2024
11:32:06,2024-07-07,Cardano,10,2470,99,263,89,3.0939096930263132,37007766297.0,37007766297.0,45000000000.0,ADA,0.3576942167495074,231724039.0,13237463979.0,1.0083,0.9937,0.9309,0.7391,0.5893,1.2355,11,7,7,July,2024
11:32:30,2024-07-07,Cardano,10,2470,99,263,89,3.0939096930263132,37007766297.0,37007766297.0,45000000000.0,ADA,0.35730949776169973,231385362.0,13223226388.0,1.0072,0.9926,0.9299,0.7383,0.5886,1.2342,11,7,7,July,2024
11:32:52,2024-07-07,Cardano,10,2470,99,263,89,3.0939096930263132,37007766297.0,37007766297.0,45000000000.0,ADA,0.3572715238926073,231285209.0,13221821060.0,1.0071,0.9925,0.9298,0.7382,0.5886,1.2341,11,7,7,July,2024
11:33:12,2024-07-07,Cardano,10,2470,99,263,89,3.0939096930263132,37007766297.0,37007766297.0,45000000000.0,ADA,0.357154027665024,231188696.0,13217472787.0,1.0067,0.9922,0.9295,0.7379,0.5884,1.2337,11,7,7,July,2024
11:33:36,2024-07-07,Cardano,10,2470,99,263,89,3.0939096930263132,37007766297.0,37007766297.0,45000000000.0,ADA,0.35712669801482516,231082333.0,13216461378.0,1.0067,0.9921,0.9294,0.7379,0.5883,1.2336,11,7,7,July,2024
11:33:58,2024-07-07,Cardano,10,2470,99,263,89,3.0939096930263132,37007766297.0,37007766297.0,45000000000.0,ADA,0.3571356451408496,231017846.0,13216792491.0,1.0067,0.9921,0.9294,0.7379,0.5883,1.2336,11,7,7,July,2024
11:34:17,2024-07-07,Cardano,10,2470,99,263,89,3.0939096930263132,37007766297.0,37007766297.0,45000000000.0,ADA,0.35719360326837163,230989918.0,13218937392.0,1.0069,0.9923,0.9296,0.738,0.5884,1.2338,11,7,7,July,2024
11:34:43,2024-07-07,Cardano,10,2470,99,263,89,3.0939096930263132,37007766297.0,37007766297.0,45000000000.0,ADA,0.3572676995329172,230969673.0,13221679529.0,1.0071,0.9925,0.9298,0.7382,0.5886,1.2341,11,7,7,July,2024
11:35:04,2024-07-07,Cardano,10,2470,99,263,89,3.0939096930263132,37007766297.0,37007766297.0,45000000000.0,ADA,0.3572376998679507,230909234.0,13220569309.0,1.007,0.9924,0.9297,0.7381,0.5885,1.2339,11,7,7,July,2024
11:35:26,2024-07-07,Cardano,10,2470,99,263,89,3.0939096930263132,37007766297.0,37007766297.0,45000000000.0,ADA,0.3571696901192116,230850444.0,13218052420.0,1.0034,0.9885,0.9282,0.7393,0.5879,1.2338,11,7,7,July,2024
11:35:48,2024-07-07,Cardano,10,2470,99,263,89,3.0939096930263132,37007766297.0,37007766297.0,45000000000.0,ADA,0.35704603677784225,230742912.0,13213476286.0,1.003,0.9881,0.9279,0.739,0.5877,1.2334,11,7,7,July,2024
11:36:09,2024-07-07,Cardano,10,2470,99,263,89,3.0939096930263132,37007766297.0,37007766297.0,45000000000.0,ADA,0.3570077639210146,230678211.0,13212059893.0,1.0029,0.988,0.9278,0.7389,0.5876,1.2333,11,7,7,July,2024
11:36:29,2024-07-07,Cardano,10,2470,99,263,89,3.0939096930263132,37007766297.0,37007766297.0,45000000000.0,ADA,0.35693481336734767,230611334.0,13209360156.0,1.0027,0.9878,0.9276,0.7388,0.5875,1.233,11,7,7,July,2024
11:36:52,2024-07-07,Cardano,10,2470,99,263,89,3.0939096930263132,37007766297.0,37007766297.0,45000000000.0,ADA,0.35675767239255907,230394518.0,13202804564.0,1.0022,0.9873,0.9271,0.7384,0.5872,1.2324,11,7,7,July,2024
11:37:15,2024-07-07,Cardano,10,2470,99,263,89,3.0939096930263132,37007766297.0,37007766297.0,45000000000.0,ADA,0.3567812153945495,230405083.0,13203675838.0,1.0023,0.9874,0.9272,0.7385,0.5873,1.2325,11,7,7,July,2024
11:37:40,2024-07-07,Cardano,10,2470,99,263,89,3.0939096930263132,37007766297.0,37007766297.0,45000000000.0,ADA,0.3568799225102027,230463468.0,13207328768.0,1.0026,0.9877,0.9275,0.7387,0.5874,1.2328,11,7,7,July,2024
11:38:03,2024-07-07,Cardano,10,2470,99,263,89,3.0939096930263132,37007766297.0,37007766297.0,45000000000.0,ADA,0.35691610332787194,230439011.0,13208667739.0,1.0027,0.9878,0.9275,0.7387,0.5875,1.2329,11,7,7,July,2024
11:38:31,2024-07-07,Cardano,10,2470,99,263,89,3.0939096930263132,37007766297.0,37007766297.0,45000000000.0,ADA,0.3569710652849844,230461228.0,13210701758.0,1.0028,0.9879,0.9277,0.7388,0.5876,1.2331,11,7,7,July,2024
11:39:18,2024-07-07,Cardano,10,2470,99,263,89,3.0939096930263132,37007766297.0,37007766297.0,45000000000.0,ADA,0.3570141868771157,230365792.0,13212297592.0,1.0029,0.988,0.9278,0.7389,0.5876,1.2333,11,7,7,July,2024
11:40:28,2024-07-07,Cardano,10,2470,99,263,89,3.0939096930263132,37007766297.0,37007766297.0,45000000000.0,ADA,0.35717706775064384,230474843.0,13218325449.0,1.0034,0.9885,0.9282,0.7393,0.5879,1.2338,11,7,7,July,2024
11:40:52,2024-07-07,Cardano,10,2470,99,263,89,3.0939096930263132,37007766297.0,37007766297.0,45000000000.0,ADA,0.3571794379973758,230412415.0,13218413167.0,1.0043,0.9877,0.9272,0.74,0.5876,1.2339,11,7,7,July,2024
11:41:14,2024-07-07,Cardano,10,2470,99,263,89,3.0939096930263132,37007766297.0,37007766297.0,45000000000.0,ADA,0.3572963413628506,230472332.0,13222739499.0,1.0047,0.988,0.9275,0.7403,0.5878,1.2343,11,7,7,July,2024
11:41:35,2024-07-07,Cardano,10,2470,99,263,89,3.0939096930263132,37007766297.0,37007766297.0,45000000000.0,ADA,0.357470481624523,230612446.0,13229184042.0,1.0051,0.9885,0.928,0.7406,0.5881,1.2349,11,7,7,July,2024
11:41:55,2024-07-07,Cardano,10,2470,99,263,89,3.0939096930263132,37007766297.0,37007766297.0,45000000000.0,ADA,0.35766222773052503,230692496.0,13236280137.0,1.0057,0.989,0.9285,0.741,0.5884,1.2355,11,7,7,July,2024
11:42:20,2024-07-07,Cardano,10,2470,99,263,89,3.0939096930263132,37007766297.0,37007766297.0,45000000000.0,ADA,0.3576969394293935,230676614.0,13237564739.0,1.0058,0.9891,0.9285,0.7411,0.5885,1.2357,11,7,7,July,2024
11:42:43,2024-07-07,Cardano,10,2470,99,263,89,3.0939096930263132,37007766297.0,37007766297.0,45000000000.0,ADA,0.35777217630093217,230629367.0,13240349088.0,1.006,0.9894,0.9287,0.7412,0.5886,1.2359,11,7,7,July,2024
11:43:27,2024-07-07,Cardano,10,2470,99,263,89,3.0939096930263132,37007766297.0,37007766297.0,45000000000.0,ADA,0.35786793314008386,230638212.0,13243892834.0,1.0063,0.9896,0.929,0.7414,0.5888,1.2362,11,7,7,July,2024
11:44:34,2024-07-07,Cardano,10,2470,99,263,89,3.0939096930263132,37007766297.0,37007766297.0,45000000000.0,ADA,0.3580585226279787,230577964.0,13250946126.0,1.0068,0.9901,0.9295,0.7418,0.5891,1.2369,11,7,7,July,2024
11:44:56,2024-07-07,Cardano,10,2470,99,263,89,3.0939096930263132,37007766297.0,37007766297.0,45000000000.0,ADA,0.3580653864406936,230537736.0,13251200140.0,1.0068,0.9902,0.9295,0.7419,0.5891,1.2369,11,7,7,July,2024
11:45:18,2024-07-07,Cardano,10,2470,99,263,89,3.0939096930263132,37007766297.0,37007766297.0,45000000000.0,ADA,0.35800134167158937,230502248.0,13248829986.0,1.0066,0.99,0.9293,0.7417,0.589,1.2367,11,7,7,July,2024
11:45:41,2024-07-07,Cardano,10,2470,99,263,89,3.0939096930263132,37007766297.0,37007766297.0,45000000000.0,ADA,0.3578579611029662,230420227.0,13243523792.0,1.0062,0.9896,0.929,0.7414,0.5887,1.2362,11,7,7,July,2024
11:46:01,2024-07-07,Cardano,10,2470,99,263,89,3.0939096930263132,37007766297.0,37007766297.0,45000000000.0,ADA,0.35770519934552925,230292441.0,13237870420.0,1.0058,0.9892,0.9286,0.7411,0.5885,1.2357,11,7,7,July,2024
11:46:23,2024-07-07,Cardano,10,2470,99,263,89,3.0939096930263132,37007766297.0,37007766297.0,45000000000.0,ADA,0.3573525713928353,230011485.0,13224820447.0,1.0056,0.989,0.9271,0.7421,0.5878,1.2345,11,7,7,July,2024
11:46:44,2024-07-07,Cardano,10,2470,99,263,89,3.0939096930263132,37007766297.0,37007766297.0,45000000000.0,ADA,0.3569358459582654,229526168.0,13209398370.0,1.0045,0.9878,0.926,0.7413,0.5871,1.2331,11,7,7,July,2024
11:47:06,2024-07-07,Cardano,10,2470,99,263,89,3.0939096930263132,37007766297.0,37007766297.0,45000000000.0,ADA,0.35678992506805335,229217471.0,13203998164.0,1.0041,0.9874,0.9257,0.741,0.5869,1.2326,11,7,7,July,2024
11:47:29,2024-07-07,Cardano,10,2470,99,263,89,3.0939096930263132,37007766297.0,37007766297.0,45000000000.0,ADA,0.3567382374730031,229004208.0,13202085321.0,1.0039,0.9873,0.9255,0.7409,0.5868,1.2324,11,7,7,July,2024
11:47:51,2024-07-07,Cardano,10,2470,99,263,89,3.0939096930263132,37007766297.0,37007766297.0,45000000000.0,ADA,0.3567418113856601,228807137.0,13202217584.0,1.0039,0.9873,0.9255,0.7409,0.5868,1.2324,11,7,7,July,2024
11:48:29,2024-07-07,Cardano,10,2470,99,263,89,3.0939096930263132,37007766297.0,37007766297.0,45000000000.0,ADA,0.35679922373830086,228784953.0,13204342287.0,1.0041,0.9875,0.9257,0.741,0.5869,1.2326,11,7,7,July,2024
11:48:54,2024-07-07,Cardano,10,2470,99,263,89,3.0939096930263132,37007766297.0,37007766297.0,45000000000.0,ADA,0.3568369335127288,228728771.0,13205737841.0,1.0042,0.9876,0.9258,0.7411,0.5869,1.2327,11,7,7,July,2024
11:49:13,2024-07-07,Cardano,10,2470,99,263,89,3.0939096930263132,37007766297.0,37007766297.0,45000000000.0,ADA,0.356763025996999,228697747.0,13203002689.0,1.004,0.9874,0.9256,0.7409,0.5868,1.2325,11,7,7,July,2024
11:49:48,2024-07-07,Cardano,10,2470,99,263,89,3.0939096930263132,37007766297.0,37007766297.0,45000000000.0,ADA,0.35644044553236176,228517910.0,13191064707.0,1.0031,0.9865,0.9248,0.7403,0.5863,1.2314,11,7,7,July,2024
11:50:26,2024-07-07,Cardano,10,2470,99,263,89,3.0939096930263132,37007766297.0,37007766297.0,45000000000.0,ADA,0.356360680431828,228511321.0,13188112778.0,1.0028,0.9863,0.9246,0.7401,0.5862,1.2311,11,7,7,July,2024
11:51:47,2024-07-07,Cardano,10,2470,99,263,89,3.0939096930263132,37007766297.0,37007766297.0,45000000000.0,ADA,0.3558283174552487,228260527.0,13168411214.0,1.0025,0.9845,0.922,0.7397,0.5856,1.231,11,7,7,July,2024
11:52:08,2024-07-07,Cardano,10,2470,99,263,89,3.0939096930263132,37007766297.0,37007766297.0,45000000000.0,ADA,0.35576524819392,228172567.0,13166077161.0,1.0023,0.9843,0.9218,0.7396,0.5855,1.2307,11,7,7,July,2024
11:52:43,2024-07-07,Cardano,10,2470,99,263,89,3.0939096930263132,37007766297.0,37007766297.0,45000000000.0,ADA,0.35579719855908726,228266864.0,13167259573.0,1.0024,0.9844,0.9219,0.7397,0.5856,1.2309,11,7,7,July,2024
11:53:23,2024-07-07,Cardano,10,2470,99,263,89,3.0939096930263132,37007766297.0,37007766297.0,45000000000.0,ADA,0.3557792530953368,228262600.0,13166595451.0,1.0023,0.9843,0.9219,0.7396,0.5856,1.2308,11,7,7,July,2024
11:54:31,2024-07-07,Cardano,10,2470,99,263,89,3.0939096930263132,37007766297.0,37007766297.0,45000000000.0,ADA,0.3560472669207937,228167410.0,13176514044.0,1.0031,0.9851,0.9225,0.7402,0.586,1.2317,11,7,7,July,2024
11:54:52,2024-07-07,Cardano,10,2470,99,263,89,3.0939096930263132,37007766297.0,37007766297.0,45000000000.0,ADA,0.3560714279585982,228123362.0,13177408190.0,1.0032,0.9851,0.9226,0.7402,0.586,1.2318,11,7,7,July,2024
11:55:17,2024-07-07,Cardano,10,2470,99,263,89,3.0939096930263132,37007766297.0,37007766297.0,45000000000.0,ADA,0.35614177139378667,228176684.0,13180011444.0,1.0034,0.9853,0.9228,0.7404,0.5862,1.2321,11,7,7,July,2024
11:55:41,2024-07-07,Cardano,10,2470,99,263,89,3.0939096930263132,37007766297.0,37007766297.0,45000000000.0,ADA,0.3562426080729608,228208914.0,13183743184.0,1.0041,0.9873,0.923,0.7417,0.5867,1.2337,11,7,7,July,2024
11:56:06,2024-07-07,Cardano,10,2470,99,263,89,3.0939096930263132,37007766297.0,37007766297.0,45000000000.0,ADA,0.35628141212120995,228196142.0,13185179235.0,1.0042,0.9875,0.9231,0.7418,0.5868,1.2338,11,7,7,July,2024
11:56:26,2024-07-07,Cardano,10,2470,99,263,89,3.0939096930263132,37007766297.0,37007766297.0,45000000000.0,ADA,0.35647485284616165,228309013.0,13192338044.0,1.0048,0.988,0.9236,0.7422,0.5871,1.2345,11,7,7,July,2024
11:56:48,2024-07-07,Cardano,10,2470,99,263,89,3.0939096930263132,37007766297.0,37007766297.0,45000000000.0,ADA,0.35647485284616165,228309013.0,13192338044.0,1.0048,0.988,0.9236,0.7422,0.5871,1.2345,11,7,7,July,2024
11:57:07,2024-07-07,Cardano,10,2470,99,263,89,3.0939096930263132,37007766297.0,37007766297.0,45000000000.0,ADA,0.35686341672754607,228522077.0,13206717926.0,1.0059,0.9891,0.9246,0.743,0.5878,1.2358,11,7,7,July,2024
11:57:36,2024-07-07,Cardano,10,2470,99,263,89,3.0939096930263132,37007766297.0,37007766297.0,45000000000.0,ADA,0.35721214512386756,228701622.0,13219623585.0,1.0069,0.99,0.9255,0.7437,0.5883,1.237,11,7,7,July,2024
11:58:03,2024-07-07,Cardano,10,2470,99,263,89,3.0939096930263132,37007766297.0,37007766297.0,45000000000.0,ADA,0.3572351056775832,228663400.0,13220473304.0,1.0069,0.9901,0.9256,0.7438,0.5884,1.2371,11,7,7,July,2024
11:58:30,2024-07-07,Cardano,10,2470,99,263,89,3.0939096930263132,37007766297.0,37007766297.0,45000000000.0,ADA,0.3570300341544345,228510963.0,13212884064.0,1.0064,0.9895,0.9251,0.7433,0.588,1.2364,11,7,7,July,2024
11:58:53,2024-07-07,Cardano,10,2470,99,263,89,3.0939096930263132,37007766297.0,37007766297.0,45000000000.0,ADA,0.3570017920205987,228353093.0,13211838886.0,1.0063,0.9894,0.925,0.7433,0.588,1.2363,11,7,7,July,2024
11:59:17,2024-07-07,Cardano,10,2470,99,263,89,3.0939096930263132,37007766297.0,37007766297.0,45000000000.0,ADA,0.35687113368848244,228288973.0,13207003513.0,1.0059,0.9891,0.9246,0.743,0.5878,1.2358,11,7,7,July,2024
12:00:58,2024-07-07,Cardano,10,2470,99,263,89,3.0939096930263132,37007766297.0,37007766297.0,45000000000.0,ADA,0.35670914943354537,227909098.0,13201008838.0,1.0034,0.9898,0.924,0.7422,0.5874,1.2346,12,7,7,July,2024
12:01:27,2024-07-07,Cardano,10,2470,99,263,89,3.0939096930263132,37007766297.0,37007766297.0,45000000000.0,ADA,0.35663868145264743,227853007.0,13198400975.0,1.0032,0.9896,0.9238,0.7421,0.5873,1.2344,12,7,7,July,2024
12:02:03,2024-07-07,Cardano,10,2470,99,263,89,3.0939096930263132,37007766297.0,37007766297.0,45000000000.0,ADA,0.35673519474711696,228201222.0,13201972717.0,1.0035,0.9899,0.924,0.7423,0.5874,1.2347,12,7,7,July,2024
12:10:31,2024-07-07,Cardano,10,2470,99,263,89,3.0939096930263132,37007766297.0,37007766297.0,45000000000.0,ADA,0.3576616786691886,227905296.0,13236259817.0,1.0011,0.9942,0.9273,0.7427,0.5855,1.2388,12,7,7,July,2024
12:11:34,2024-07-07,Cardano,10,2470,99,263,89,3.0939096930263132,37007766297.0,37007766297.0,45000000000.0,ADA,0.35774510583261077,227912074.0,13239347270.0,1.0013,0.9945,0.9275,0.7428,0.5856,1.2391,12,7,7,July,2024
12:13:21,2024-07-07,Cardano,10,2470,99,263,89,3.0939096930263132,37007766297.0,37007766297.0,45000000000.0,ADA,0.35850069334468937,228080215.0,13267309876.0,1.0034,0.9966,0.9295,0.7444,0.5869,1.2417,12,7,7,July,2024
12:13:47,2024-07-07,Cardano,10,2470,99,263,89,3.0939096930263132,37007766297.0,37007766297.0,45000000000.0,ADA,0.35847516179030026,228075058.0,13266365010.0,1.0033,0.9965,0.9294,0.7443,0.5868,1.2416,12,7,7,July,2024
12:14:09,2024-07-07,Cardano,10,2470,99,263,89,3.0939096930263132,37007766297.0,37007766297.0,45000000000.0,ADA,0.3584534429846369,227883460.0,13265561246.0,1.0033,0.9964,0.9294,0.7443,0.5868,1.2415,12,7,7,July,2024
12:15:53,2024-07-07,Cardano,10,2470,99,263,89,3.0939096930263132,37007766297.0,37007766297.0,45000000000.0,ADA,0.35823672390217587,227993783.0,13257540957.0,1.0047,0.9942,0.9295,0.7448,0.5872,1.2386,12,7,7,July,2024
12:18:22,2024-07-07,Cardano,10,2470,99,263,89,3.0939096930263132,37007766297.0,37007766297.0,45000000000.0,ADA,0.3582437724609308,228158783.0,13257801808.0,1.0048,0.9942,0.9295,0.7448,0.5872,1.2386,12,7,7,July,2024
12:18:48,2024-07-07,Cardano,10,2470,99,263,89,3.0939096930263132,37007766297.0,37007766297.0,45000000000.0,ADA,0.3584997924511102,228174326.0,13267276536.0,1.0055,0.9949,0.9302,0.7453,0.5876,1.2395,12,7,7,July,2024
12:31:54,2024-07-07,Cardano,10,2470,99,263,89,3.0939096930263132,37007766297.0,37007766297.0,45000000000.0,ADA,0.3581675380151098,226045638.0,13254980542.0,1.0004,0.9828,0.9309,0.7463,0.5877,1.2367,12,7,7,July,2024
12:49:31,2024-07-07,Cardano,10,2470,99,263,89,3.0939096930263132,37007766297.0,37007766297.0,45000000000.0,ADA,0.36015565945381783,224950939.0,13328556475.0,1.006,0.9778,0.9359,0.7518,0.5896,1.239,12,7,7,July,2024
12:53:32,2024-07-07,Cardano,10,2470,99,263,89,3.0939096930263132,37007766297.0,37007766297.0,45000000000.0,ADA,0.3594928209075687,222436736.0,13304026301.0,1.0086,0.9761,0.9352,0.7529,0.5892,1.2348,12,7,7,July,2024
12:54:56,2024-07-07,Cardano,10,2470,99,263,89,3.0939096930263132,37007766297.0,37007766297.0,45000000000.0,ADA,0.35951572806686016,222253050.0,13304874044.0,1.0086,0.9762,0.9353,0.7529,0.5892,1.2349,12,7,7,July,2024
12:56:23,2024-07-07,Cardano,10,2470,99,263,89,3.0939096930263132,37007766297.0,37007766297.0,45000000000.0,ADA,0.359467808755965,221979651.0,13303100657.0,1.0094,0.978,0.9362,0.7521,0.5891,1.2349,12,7,7,July,2024
12:56:45,2024-07-07,Cardano,10,2470,99,263,89,3.0939096930263132,37007766297.0,37007766297.0,45000000000.0,ADA,0.35954313781541214,221923094.0,13305888417.0,1.0096,0.9782,0.9364,0.7523,0.5892,1.2351,12,7,7,July,2024
12:57:10,2024-07-07,Cardano,10,2470,99,263,89,3.0939096930263132,37007766297.0,37007766297.0,45000000000.0,ADA,0.3596236354759293,221895405.0,13308867456.0,1.0098,0.9785,0.9366,0.7524,0.5893,1.2354,12,7,7,July,2024
12:57:31,2024-07-07,Cardano,10,2470,99,263,89,3.0939096930263132,37007766297.0,37007766297.0,45000000000.0,ADA,0.3596776728295556,221875236.0,13310867258.0,1.0099,0.9786,0.9367,0.7525,0.5894,1.2356,12,7,7,July,2024
12:57:54,2024-07-07,Cardano,10,2470,99,263,89,3.0939096930263132,37007766297.0,37007766297.0,45000000000.0,ADA,0.3596945630808371,221862527.0,13311492328.0,1.01,0.9786,0.9368,0.7526,0.5895,1.2356,12,7,7,July,2024
12:58:15,2024-07-07,Cardano,10,2470,99,263,89,3.0939096930263132,37007766297.0,37007766297.0,45000000000.0,ADA,0.3596973683313428,221849550.0,13311596144.0,1.01,0.9787,0.9368,0.7526,0.5895,1.2356,12,7,7,July,2024
12:58:36,2024-07-07,Cardano,10,2470,99,263,89,3.0939096930263132,37007766297.0,37007766297.0,45000000000.0,ADA,0.35976476897600923,221758335.0,13314090492.0,1.0102,0.9788,0.937,0.7527,0.5896,1.2359,12,7,7,July,2024
12:58:58,2024-07-07,Cardano,10,2470,99,263,89,3.0939096930263132,37007766297.0,37007766297.0,45000000000.0,ADA,0.35976628945201483,221737301.0,13314146761.0,1.0102,0.9788,0.937,0.7527,0.5896,1.2359,12,7,7,July,2024
12:59:44,2024-07-07,Cardano,10,2470,99,263,89,3.0939096930263132,37007766297.0,37007766297.0,45000000000.0,ADA,0.3597470987405439,221539136.0,13313436556.0,1.0101,0.9788,0.9369,0.7527,0.5895,1.2358,12,7,7,July,2024
13:00:05,2024-07-07,Cardano,10,2470,99,263,89,3.0939096930263132,37007766297.0,37007766297.0,45000000000.0,ADA,0.3597489842225469,221520034.0,13313506333.0,1.0101,0.9788,0.9369,0.7527,0.5895,1.2358,13,7,7,July,2024
13:00:28,2024-07-07,Cardano,10,2470,99,263,89,3.0939096930263132,37007766297.0,37007766297.0,45000000000.0,ADA,0.35978865399748294,221490332.0,13314974423.0,1.0103,0.9789,0.937,0.7528,0.5896,1.236,13,7,7,July,2024
13:00:50,2024-07-07,Cardano,10,2470,99,263,89,3.0939096930263132,37007766297.0,37007766297.0,45000000000.0,ADA,0.3599622716771818,221557626.0,13321399625.0,1.0089,0.977,0.9373,0.7538,0.5892,1.2362,13,7,7,July,2024
13:01:13,2024-07-07,Cardano,10,2470,99,263,89,3.0939096930263132,37007766297.0,37007766297.0,45000000000.0,ADA,0.3600203196966947,221416653.0,13323547853.0,1.0091,0.9772,0.9375,0.754,0.5893,1.2364,13,7,7,July,2024
13:01:34,2024-07-07,Cardano,10,2470,99,263,89,3.0939096930263132,37007766297.0,37007766297.0,45000000000.0,ADA,0.3599640794988241,220934723.0,13321466529.0,1.0089,0.977,0.9373,0.7538,0.5892,1.2362,13,7,7,July,2024
13:01:57,2024-07-07,Cardano,10,2470,99,263,89,3.0939096930263132,37007766297.0,37007766297.0,45000000000.0,ADA,0.35994822822317096,220872244.0,13320879909.0,1.0089,0.977,0.9373,0.7538,0.5892,1.2362,13,7,7,July,2024
13:02:19,2024-07-07,Cardano,10,2470,99,263,89,3.0939096930263132,37007766297.0,37007766297.0,45000000000.0,ADA,0.35993688443358896,220849275.0,13320460100.0,1.0088,0.9769,0.9373,0.7538,0.5892,1.2361,13,7,7,July,2024
13:02:42,2024-07-07,Cardano,10,2470,99,263,89,3.0939096930263132,37007766297.0,37007766297.0,45000000000.0,ADA,0.35996850096771454,220838864.0,13321630158.0,1.0089,0.977,0.9373,0.7539,0.5892,1.2362,13,7,7,July,2024
13:03:08,2024-07-07,Cardano,10,2470,99,263,89,3.0939096930263132,37007766297.0,37007766297.0,45000000000.0,ADA,0.36000582886630333,220779229.0,13323011580.0,1.009,0.9771,0.9374,0.7539,0.5893,1.2364,13,7,7,July,2024
13:03:29,2024-07-07,Cardano,10,2470,99,263,89,3.0939096930263132,37007766297.0,37007766297.0,45000000000.0,ADA,0.3600715251801849,220758830.0,13325442854.0,1.0092,0.9773,0.9376,0.7541,0.5894,1.2366,13,7,7,July,2024
13:03:55,2024-07-07,Cardano,10,2470,99,263,89,3.0939096930263132,37007766297.0,37007766297.0,45000000000.0,ADA,0.3601541625325679,220765468.0,13328501077.0,1.0094,0.9775,0.9378,0.7542,0.5895,1.2369,13,7,7,July,2024
13:04:16,2024-07-07,Cardano,10,2470,99,263,89,3.0939096930263132,37007766297.0,37007766297.0,45000000000.0,ADA,0.360137703207189,220737874.0,13327891955.0,1.0094,0.9775,0.9378,0.7542,0.5895,1.2368,13,7,7,July,2024
13:04:40,2024-07-07,Cardano,10,2470,99,263,89,3.0939096930263132,37007766297.0,37007766297.0,45000000000.0,ADA,0.36003864749282893,220707999.0,13324226124.0,1.0091,0.9772,0.9375,0.754,0.5893,1.2365,13,7,7,July,2024
13:05:04,2024-07-07,Cardano,10,2470,99,263,89,3.0939096930263132,37007766297.0,37007766297.0,45000000000.0,ADA,0.3600617470083417,220640315.0,13325080985.0,1.0092,0.9773,0.9376,0.7541,0.5894,1.2365,13,7,7,July,2024
13:05:31,2024-07-07,Cardano,10,2470,99,263,89,3.0939096930263132,37007766297.0,37007766297.0,45000000000.0,ADA,0.3601046794378356,220634555.0,13326669819.0,1.0093,0.9774,0.9377,0.7541,0.5894,1.2367,13,7,7,July,2024
13:05:52,2024-07-07,Cardano,10,2470,99,263,89,3.0939096930263132,37007766297.0,37007766297.0,45000000000.0,ADA,0.36027258140462515,220705208.0,13332883495.0,1.0098,0.9778,0.9381,0.7545,0.5897,1.2373,13,7,7,July,2024
13:06:17,2024-07-07,Cardano,10,2470,99,263,89,3.0939096930263132,37007766297.0,37007766297.0,45000000000.0,ADA,0.36042454319503436,220757125.0,13338507262.0,1.0092,0.978,0.9379,0.7559,0.5894,1.2378,13,7,7,July,2024
13:06:35,2024-07-07,Cardano,10,2470,99,263,89,3.0939096930263132,37007766297.0,37007766297.0,45000000000.0,ADA,0.3609796115295431,221084744.0,13359049101.0,1.0108,0.9795,0.9394,0.7571,0.5903,1.2397,13,7,7,July,2024
13:06:56,2024-07-07,Cardano,10,2470,99,263,89,3.0939096930263132,37007766297.0,37007766297.0,45000000000.0,ADA,0.3610020154908541,221059145.0,13359878222.0,1.0109,0.9796,0.9394,0.7571,0.5903,1.2398,13,7,7,July,2024
13:07:16,2024-07-07,Cardano,10,2470,99,263,89,3.0939096930263132,37007766297.0,37007766297.0,45000000000.0,ADA,0.360966251554497,220992942.0,13358554678.0,1.0108,0.9795,0.9393,0.7571,0.5903,1.2397,13,7,7,July,2024
13:07:46,2024-07-07,Cardano,10,2470,99,263,89,3.0939096930263132,37007766297.0,37007766297.0,45000000000.0,ADA,0.3608217466903382,220830562.0,13353206876.0,1.0103,0.9791,0.9389,0.7568,0.59,1.2392,13,7,7,July,2024
13:08:18,2024-07-07,Cardano,10,2470,99,263,89,3.0939096930263132,37007766297.0,37007766297.0,45000000000.0,ADA,0.36075024460668376,220726374.0,13350560743.0,1.0101,0.9789,0.9388,0.7566,0.5899,1.2389,13,7,7,July,2024
13:08:48,2024-07-07,Cardano,10,2470,99,263,89,3.0939096930263132,37007766297.0,37007766297.0,45000000000.0,ADA,0.3607122361376417,220647694.0,13349154135.0,1.01,0.9788,0.9387,0.7565,0.5898,1.2388,13,7,7,July,2024
13:09:13,2024-07-07,Cardano,10,2470,99,263,89,3.0939096930263132,37007766297.0,37007766297.0,45000000000.0,ADA,0.36071283397222575,220587982.0,13349176259.0,1.01,0.9788,0.9387,0.7565,0.5899,1.2388,13,7,7,July,2024
13:10:07,2024-07-07,Cardano,10,2470,99,263,89,3.0939096930263132,37007766297.0,37007766297.0,45000000000.0,ADA,0.36053806387678844,220415131.0,13342708409.0,1.0096,0.9783,0.9382,0.7562,0.5896,1.2382,13,7,7,July,2024
13:10:26,2024-07-07,Cardano,10,2470,99,263,89,3.0939096930263132,37007766297.0,37007766297.0,45000000000.0,ADA,0.36053806387678844,220415131.0,13342708409.0,1.0096,0.9783,0.9382,0.7562,0.5896,1.2382,13,7,7,July,2024
13:10:50,2024-07-07,Cardano,10,2470,99,263,89,3.0939096930263132,37007766297.0,37007766297.0,45000000000.0,ADA,0.3602851548527707,220203121.0,13333348811.0,1.0088,0.9777,0.9375,0.7556,0.5892,1.2373,13,7,7,July,2024
13:11:11,2024-07-07,Cardano,10,2470,99,263,89,3.0939096930263132,37007766297.0,37007766297.0,45000000000.0,ADA,0.36029317442431175,220157228.0,13333645597.0,1.0089,0.9777,0.9376,0.7557,0.5892,1.2374,13,7,7,July,2024
13:11:36,2024-07-07,Cardano,10,2470,99,263,89,3.0939096930263132,37007766297.0,37007766297.0,45000000000.0,ADA,0.36016106114919294,220006284.0,13328756380.0,1.0074,0.9763,0.9367,0.7561,0.5883,1.2378,13,7,7,July,2024
13:11:59,2024-07-07,Cardano,10,2470,99,263,89,3.0939096930263132,37007766297.0,37007766297.0,45000000000.0,ADA,0.3601952102714667,219944561.0,13330020163.0,1.0074,0.9764,0.9368,0.7562,0.5883,1.2379,13,7,7,July,2024
13:12:36,2024-07-07,Cardano,10,2470,99,263,89,3.0939096930263132,37007766297.0,37007766297.0,45000000000.0,ADA,0.36028364071100577,219975101.0,13333292776.0,1.0077,0.9766,0.937,0.7563,0.5885,1.2382,13,7,7,July,2024
13:13:03,2024-07-07,Cardano,10,2470,99,263,89,3.0939096930263132,37007766297.0,37007766297.0,45000000000.0,ADA,0.3602981291017329,219907994.0,13333828959.0,1.0077,0.9767,0.937,0.7564,0.5885,1.2383,13,7,7,July,2024
13:13:29,2024-07-07,Cardano,10,2470,99,263,89,3.0939096930263132,37007766297.0,37007766297.0,45000000000.0,ADA,0.3603092055186457,219862205.0,13334238872.0,1.0078,0.9767,0.9371,0.7564,0.5885,1.2383,13,7,7,July,2024
13:13:50,2024-07-07,Cardano,10,2470,99,263,89,3.0939096930263132,37007766297.0,37007766297.0,45000000000.0,ADA,0.36028472410256684,219801658.0,13333332869.0,1.0077,0.9766,0.937,0.7563,0.5885,1.2382,13,7,7,July,2024
13:14:13,2024-07-07,Cardano,10,2470,99,263,89,3.0939096930263132,37007766297.0,37007766297.0,45000000000.0,ADA,0.3602054645280824,219717462.0,13330399650.0,1.0075,0.9764,0.9368,0.7562,0.5883,1.2379,13,7,7,July,2024
