Name,Age,Exchanges,Markets,All_Time_High,Circulating_Supply,Total_Supply,Max_Supply,Rate,Volume,Cap,Liquidity,Delta_Hour_Change,Delta_Day_Change,Delta_Week_Change,Delta_Month_Change,Delta_Year_Change
Bitcoin,5617,197,3061,73781.24185982272,19700987,19700987,21000000,71209.03053582001,44112977955,1402888184868,1386969063,1.0048,1.0615,1.1524,1.0901,2.6412
Bitcoin,5617,197,3061,73781.24185982272,19700987,19700987,21000000,71200.89789186534,44169901869,1402727963755,1395647066,1.0047,1.0614,1.1523,1.09,2.6409
Bitcoin,5617,197,3060,73781.24185982272,19700987,19700987,21000000,71293.35658571195,44260060751,1404549491281,1375416431,1.0051,1.0628,1.1509,1.0913,2.6467
Bitcoin,5617,197,3061,73781.24185982272,19700987,19700987,21000000,71297.73790425147,44325784577,1404635807581,1385031639,1.0052,1.0628,1.1509,1.0914,2.6468
Bitcoin,5617,197,3061,73781.24185982272,19700987,19700987,21000000,71142.76402949018,44051934191,1401582669289,1302308621,1.0009,1.0703,1.1465,1.0903,2.644
Bitcoin,5617,197,3061,73781.24185982272,19700987,19700987,21000000,71116.68568389725,44008294751,1401068900141,1337065806,0.9996,1.0681,1.1457,1.0898,2.6429
Bitcoin,5617,197,3061,73781.24185982272,19700987,19700987,21000000,71101.21109633154,43993001818,1400764035493,1334882710,0.9994,1.0679,1.1455,1.0896,2.6423
Bitcoin,5617,197,3062,73781.24185982272,19700987,19700987,21000000,71097.90288796494,43986288425,1400698860523,1337042957,0.9993,1.0678,1.1454,1.0896,2.6422
Bitcoin,5617,197,3062,73781.24185982272,19700987,19700987,21000000,71083.79199476214,43966176157,1400420861999,1337512687,0.9991,1.0676,1.1452,1.0893,2.6417
Bitcoin,5617,197,3062,73781.24185982272,19700987,19700987,21000000,71070.17013167584,43952902734,1400152497851,1342112651,0.9989,1.0674,1.145,1.0891,2.6412
Bitcoin,5617,197,3062,73781.24185982272,19700987,19700987,21000000,71065.03169822639,43942539222,1400051265641,1329963797,0.9999,1.0658,1.146,1.0887,2.6438
Bitcoin,5617,197,3062,73781.24185982272,19700987,19700987,21000000,70973.62442620662,43926041695,1398250452163,1325531316,0.9986,1.0645,1.1446,1.0873,2.6404
Bitcoin,5617,197,3062,73781.24185982272,19700987,19700987,21000000,70971.72703900382,43928313089,1398213071762,1315753425,0.9985,1.0644,1.1445,1.0873,2.6404
Bitcoin,5617,197,3062,73781.24185982272,19700987,19700987,21000000,71042.28302583561,43994270777,1399603094342,1322876172,0.9988,1.0639,1.1467,1.0891,2.6396
Bitcoin,5617,197,3062,73781.24185982272,19700987,19700987,21000000,71037.13454817272,44038416159,1399501664250,1351174286,0.9987,1.0638,1.1466,1.089,2.6394
Bitcoin,5617,197,3062,73781.24185982272,19700987,19700987,21000000,71045.1890009173,44042761770,1399660344919,1358980495,0.9992,1.0648,1.1474,1.0897,2.6397
Bitcoin,5617,197,3062,73781.24185982272,19700987,19700987,21000000,71045.99307266006,44037014858,1399676185926,1360468984,0.9992,1.0648,1.1474,1.0898,2.6397
Bitcoin,5617,198,3081,73781.24185982272,19700987,19700987,21000000,69749.18386033103,49497883231,1374127764492,1363514411,1.0005,1.0153,1.1357,1.0741,2.5868
Bitcoin,5617,198,3081,73781.24185982272,19700987,19700987,21000000,69749.18386033103,49497883231,1374127764492,1363514411,1.0005,1.0153,1.1357,1.0741,2.5868
Bitcoin,5617,198,3081,73781.24185982272,19700987,19700987,21000000,69779.715095797,49500199529,1374729259966,1365804449,1.0006,1.0152,1.1358,1.0748,2.589
Bitcoin,5617,198,3081,73781.24185982272,19700987,19700987,21000000,69766.15123539051,49482469058,1374462038528,1352517768,1.0004,1.015,1.1355,1.0746,2.5885
Bitcoin,5617,198,3081,73781.24185982272,19700987,19700987,21000000,69773.76007650526,49491726548,1374611940208,1363868966,1.0005,1.0151,1.1357,1.0747,2.5888
Bitcoin,5617,198,3081,73781.24185982272,19700987,19700987,21000000,69776.0619364914,49482961827,1374657289122,1357506523,1.0005,1.0152,1.1357,1.0747,2.5889
Bitcoin,5617,198,3081,73781.24185982272,19700987,19700987,21000000,69813.95051283551,48975472629,1375403731472,1372714164,0.9997,1.0157,1.1366,1.0751,2.5903
Bitcoin,5617,198,3080,73781.24185982272,19700987,19700987,21000000,69839.06618406686,48996236648,1375898534984,1372819038,1.0,1.0161,1.137,1.0755,2.5912
Bitcoin,5617,198,3080,73781.24185982272,19700987,19700987,21000000,69855.24375199183,49007739245,1376217249039,1373863042,1.0003,1.0163,1.1373,1.0757,2.5918
Bitcoin,5617,198,3080,73781.24185982272,19700987,19700987,21000000,69855.18681567775,48998403480,1376216127338,1374557604,1.0003,1.0163,1.1373,1.0757,2.5918
Bitcoin,5617,198,3080,73781.24185982272,19700987,19700987,21000000,69829.36189077952,48979136516,1375707350828,1373735701,0.9999,1.0159,1.1369,1.0753,2.5909
Bitcoin,5617,198,3080,73781.24185982272,19700987,19700987,21000000,69815.62104867051,48964422937,1375436642676,1372488364,0.9997,1.0157,1.1366,1.0751,2.5904
Bitcoin,5617,198,3080,73781.24185982272,19700987,19700987,21000000,69815.44715107144,48961595000,1375433216722,1374869579,0.9997,1.0157,1.1366,1.0751,2.5903
Bitcoin,5617,198,3080,73781.24185982272,19700987,19700987,21000000,69821.72358554859,48965696252,1375556868676,1363096530,0.9988,1.0155,1.1365,1.0747,2.591
Bitcoin,5617,198,3080,73781.24185982272,19700987,19700987,21000000,69818.32020262498,48952100683,1375489818673,1362379963,0.9987,1.0155,1.1365,1.0746,2.5908
Bitcoin,5617,198,3080,73781.24185982272,19700987,19700987,21000000,69817.92068817007,48948387141,1375481947844,1361822972,0.9987,1.0155,1.1365,1.0746,2.5908
Bitcoin,5617,198,3080,73781.24185982272,19700987,19700987,21000000,69805.8494373137,48940803063,1375244132288,1360633462,0.9986,1.0153,1.1363,1.0744,2.5904
Bitcoin,5617,198,3080,73781.24185982272,19700987,19700987,21000000,69805.82357022299,48933930161,1375243622681,1363174197,0.9986,1.0153,1.1363,1.0744,2.5904
Bitcoin,5617,198,3080,73781.24185982272,19700987,19700987,21000000,69805.894793631,48935971198,1375245025852,1363891351,0.9986,1.0153,1.1363,1.0744,2.5904
Bitcoin,5617,198,3080,73781.24185982272,19700987,19700987,21000000,69806.00048756579,48934673621,1375247108127,1371079213,0.9986,1.0153,1.1363,1.0744,2.5904
Bitcoin,5617,198,3080,73781.24185982272,19700987,19700987,21000000,69807.39024704072,48921573057,1375274487760,1371886279,0.9986,1.0153,1.1363,1.0744,2.5904
Bitcoin,5617,198,3080,73781.24185982272,19700987,19700987,21000000,69806.75742157304,48952489550,1375262020474,1373469130,0.9986,1.0153,1.1363,1.0744,2.5904
Bitcoin,5617,198,3080,73781.24185982272,19700987,19700987,21000000,69817.48654266432,48959370686,1375473394749,1373265403,0.9987,1.0155,1.1365,1.0746,2.5908
Bitcoin,5617,198,3080,73781.24185982272,19700987,19700987,21000000,69817.4849894091,48951573314,1375473364149,1371590067,0.9987,1.0155,1.1365,1.0746,2.5908
Bitcoin,5617,198,3080,73781.24185982272,19700987,19700987,21000000,69815.33198568874,48947735945,1375430947850,1375519823,0.9987,1.0155,1.1364,1.0746,2.5907
Bitcoin,5617,198,3080,73781.24185982272,19700987,19700987,21000000,69807.9701888783,48939236660,1375285913187,1377756725,0.9986,1.0153,1.1363,1.0744,2.5905
Bitcoin,5617,198,3080,73781.24185982272,19700987,19700987,21000000,69809.57446793867,48937822342,1375317519068,1367655754,0.9986,1.0154,1.1363,1.0745,2.5905
Bitcoin,5617,198,3080,73781.24185982272,19700987,19700987,21000000,69809.57446793867,48937822342,1375317519068,1367655754,0.9986,1.0154,1.1363,1.0745,2.5905
Bitcoin,5617,198,3080,73781.24185982272,19700987,19700987,21000000,69821.8966155016,48934450509,1375560277537,1352094699,0.9989,1.0163,1.1366,1.0741,2.5917
Bitcoin,5617,198,3080,73781.24185982272,19700987,19700987,21000000,69828.66464050817,48937127879,1375693614310,1348137157,0.999,1.0164,1.1367,1.0742,2.5919
Bitcoin,5617,198,3080,73781.24185982272,19700987,19700987,21000000,69828.66420737546,48931981357,1375693605776,1354415096,0.999,1.0164,1.1367,1.0742,2.5919
Bitcoin,5617,198,3080,73781.24185982272,19700987,19700987,21000000,69865.69351486815,48954473001,1376423119682,1352735327,0.9995,1.0169,1.1373,1.0748,2.5933
Bitcoin,5617,198,3080,73781.24185982272,19700987,19700987,21000000,69866.44596933846,48952463892,1376437943778,1352100042,0.9995,1.0169,1.1373,1.0748,2.5933
Bitcoin,5617,198,3080,73781.24185982272,19700987,19700987,21000000,69863.37806079265,48952103116,1376377502951,1354449012,0.9995,1.0169,1.1373,1.0747,2.5932
Bitcoin,5617,198,3080,73781.24185982272,19700987,19700987,21000000,69862.78151944574,48947528150,1376365750498,1352679775,0.9995,1.0169,1.1373,1.0747,2.5932
Bitcoin,5617,198,3080,73781.24185982272,19700987,19700987,21000000,69864.74607376418,48976403324,1376404454157,1354769378,0.9995,1.0169,1.1373,1.0748,2.5932
Bitcoin,5617,198,3080,73781.24185982272,19700987,19700987,21000000,69874.89876484322,48988945344,1376604472192,1350771768,0.9996,1.0171,1.1375,1.0749,2.5936
Bitcoin,5617,198,3080,73781.24185982272,19700987,19700987,21000000,69878.56847851454,48982210164,1376676769173,1352137858,0.9997,1.0171,1.1375,1.075,2.5938
Bitcoin,5617,198,3080,73781.24185982272,19700987,19700987,21000000,69890.2187363754,48987144194,1376906290752,1351039934,0.9998,1.0173,1.1377,1.0752,2.5942
Bitcoin,5617,198,3080,73781.24185982272,19700987,19700987,21000000,69890.32665970217,48984536490,1376908416948,1363342769,0.9999,1.0173,1.1377,1.0752,2.5942
Bitcoin,5617,198,3080,73781.24185982272,19700987,19700987,21000000,69892.09014504244,48978619861,1376943159350,1361530897,0.9999,1.0173,1.1377,1.0752,2.5943
Bitcoin,5617,198,3080,73781.24185982272,19700987,19700987,21000000,69881.57945606457,48970814207,1376736088403,1365863979,0.9997,1.0172,1.1376,1.075,2.5939
Bitcoin,5617,198,3080,73781.24185982272,19700987,19700987,21000000,69881.63836145046,48966972902,1376737248897,1365764051,0.9997,1.0172,1.1376,1.075,2.5939
Bitcoin,5617,198,3080,73781.24185982272,19700987,19700987,21000000,69879.93098417923,48947292862,1376703611880,1359448142,1.0025,1.0151,1.1366,1.0769,2.5938
Bitcoin,5617,198,3080,73781.24185982272,19700987,19700987,21000000,69872.68319731859,48943258113,1376560823325,1359227971,1.0024,1.015,1.1365,1.0768,2.5935
Bitcoin,5617,198,3080,73781.24185982272,19700987,19700987,21000000,69870.8980212995,48941240830,1376525653595,1358573103,1.0024,1.015,1.1365,1.0767,2.5935
Bitcoin,5617,198,3080,73781.24185982272,19700987,19700987,21000000,69869.32533741988,48934435614,1376494670171,1366203821,1.0023,1.015,1.1364,1.0767,2.5934
Bitcoin,5617,198,3080,73781.24185982272,19700987,19700987,21000000,69870.0183496712,48933616303,1376508323196,1369672273,1.0023,1.015,1.1364,1.0767,2.5934
Bitcoin,5617,198,3080,73781.24185982272,19700987,19700987,21000000,69872.03844339075,48971176130,1376548121036,1367739780,1.0024,1.015,1.1365,1.0767,2.5935
Bitcoin,5617,198,3080,73781.24185982272,19700987,19700987,21000000,69871.43819232962,48964607036,1376536295498,1369327836,1.0024,1.015,1.1365,1.0767,2.5935
Bitcoin,5617,198,3080,73781.24185982272,19700987,19700987,21000000,69874.4773200483,48961560170,1376596169314,1361351866,1.0024,1.0151,1.1365,1.0768,2.5936
Bitcoin,5617,198,3080,73781.24185982272,19700987,19700987,21000000,69874.39918512717,48962375671,1376594629979,1365544415,1.0024,1.0151,1.1365,1.0768,2.5936
Bitcoin,5617,198,3080,73781.24185982272,19700987,19700987,21000000,69876.35462577712,48963320994,1376633154089,1372330320,1.0024,1.0151,1.1365,1.0768,2.5937
Bitcoin,5617,198,3080,73781.24185982272,19700987,19700987,21000000,69876.35462069862,48958491492,1376633153989,1373029707,1.0024,1.0151,1.1365,1.0768,2.5937
Bitcoin,5617,198,3080,73781.24185982272,19700987,19700987,21000000,69873.65699803969,48951517150,1376580008160,1366094215,1.0024,1.0151,1.1365,1.0768,2.5936
Bitcoin,5617,198,3080,73781.24185982272,19700987,19700987,21000000,69871.24583327625,48945750418,1376532505835,1364056848,1.0033,1.0161,1.1359,1.078,2.5954
Bitcoin,5617,198,3080,73781.24185982272,19700987,19700987,21000000,69842.3896516154,48913776448,1375964010575,1358210397,1.0029,1.0156,1.1355,1.0775,2.5943
Bitcoin,5617,198,3080,73781.24185982272,19700987,19700987,21000000,69842.76904887418,48912260138,1375971485075,1359814103,1.0029,1.0156,1.1355,1.0775,2.5943
Bitcoin,5617,198,3080,73781.24185982272,19700987,19700987,21000000,69825.19972471116,48899727789,1375625352048,1365399084,1.0027,1.0154,1.1352,1.0773,2.5937
Bitcoin,5617,198,3080,73781.24185982272,19700987,19700987,21000000,69825.05193953766,48871600960,1375622440535,1367265180,1.0027,1.0154,1.1352,1.0773,2.5937
Bitcoin,5617,198,3080,73781.24185982272,19700987,19700987,21000000,69822.42187416698,48835060741,1375570625651,1367137310,1.0026,1.0153,1.1351,1.0772,2.5936
Bitcoin,5617,198,3079,73781.24185982272,19700987,19700987,21000000,69813.2785433812,48803058415,1375390493010,1369618171,1.0025,1.0152,1.135,1.0771,2.5932
Bitcoin,5617,198,3079,73781.24185982272,19700987,19700987,21000000,69813.13946032137,48787482629,1375387752936,1375205859,1.0025,1.0152,1.135,1.0771,2.5932
Bitcoin,5617,198,3079,73781.24185982272,19700987,19700987,21000000,69809.99109881533,48695775763,1375325727107,1376712229,1.0024,1.0152,1.1349,1.077,2.5931
Bitcoin,5617,198,3079,73781.24185982272,19700987,19700987,21000000,69813.159395525,48670269970,1375388145680,1375559690,1.0025,1.0152,1.135,1.0771,2.5932
Bitcoin,5617,198,3079,73781.24185982272,19700987,19700987,21000000,69810.93771818886,48580383920,1375344376443,1375269165,1.0025,1.0152,1.1349,1.077,2.5932
Bitcoin,5617,198,3079,73781.24185982272,19700987,19700987,21000000,69794.96315701431,48533860415,1375029661821,1368268320,1.0022,1.0149,1.1347,1.0768,2.5926
Bitcoin,5617,198,3079,73781.24185982272,19700987,19700987,21000000,69793.2781167833,48520797223,1374996464866,1378762019,1.0022,1.0149,1.1347,1.0768,2.5925
Bitcoin,5617,198,3079,73781.24185982272,19700987,19700987,21000000,69787.70522220965,48441206890,1374886673342,1377230454,1.0021,1.0148,1.1346,1.0767,2.5923
Bitcoin,5617,198,3079,73781.24185982272,19700987,19700987,21000000,69770.06870026725,48405075170,1374539216453,1376046153,1.0019,1.0146,1.1343,1.0764,2.5916
Bitcoin,5617,198,3079,73781.24185982272,19700987,19700987,21000000,69758.33729250482,48389507097,1374308096141,1378336487,1.003,1.0068,1.1336,1.0751,2.5912
Bitcoin,5617,198,3079,73781.24185982272,19700987,19700987,21000000,69744.32816028179,48299489164,1374032102409,1375784371,1.0028,1.0066,1.1334,1.0748,2.5907
Bitcoin,5617,198,3079,73781.24185982272,19700987,19700987,21000000,69707.69165389138,48245455395,1373310327073,1368894003,1.0022,1.0061,1.1328,1.0743,2.5893
Bitcoin,5617,198,3079,73781.24185982272,19700987,19700987,21000000,69707.66357959683,48221368757,1373309773982,1374103669,1.0022,1.0061,1.1328,1.0743,2.5893
Bitcoin,5617,198,3079,73781.24185982272,19700987,19700987,21000000,69707.30714828087,48201673360,1373302751933,1373989217,1.0022,1.0061,1.1328,1.0743,2.5893
Bitcoin,5617,198,3079,73781.24185982272,19700987,19700987,21000000,69707.30714828087,48201673360,1373302751933,1373989217,1.0022,1.0061,1.1328,1.0743,2.5893
Bitcoin,5617,198,3079,73781.24185982272,19700987,19700987,21000000,69617.11990682971,48070694127,1371525974261,1358333336,1.0009,1.0048,1.1313,1.0729,2.586
Bitcoin,5617,198,3079,73781.24185982272,19700987,19700987,21000000,69565.44089460622,47842068930,1370507846713,1350243315,1.0002,1.004,1.1305,1.0721,2.584
Bitcoin,5617,198,3079,73781.24185982272,19700987,19700987,21000000,69388.13341323248,47723650002,1367014714328,1332994710,0.9976,1.0014,1.1276,1.0694,2.5774
Bitcoin,5617,198,3079,73781.24185982272,19700987,19700987,21000000,69376.08196596727,47703655003,1366777288922,1321595671,0.9975,1.0013,1.1274,1.0692,2.577
Bitcoin,5617,198,3079,73781.24185982272,19700987,19700987,21000000,69358.97323434142,47696944993,1366440230023,1305036473,0.9972,1.001,1.1271,1.0689,2.5764
Bitcoin,5617,198,3079,73781.24185982272,19700987,19700987,21000000,69356.9156422199,47701674172,1366399693427,1324951382,0.9972,1.001,1.1271,1.0689,2.5763
Bitcoin,5617,198,3079,73781.24185982272,19700987,19700987,21000000,69356.42817069717,47697067607,1366390089757,1323762774,0.9972,1.001,1.1271,1.0689,2.5763
Bitcoin,5617,198,3079,73781.24185982272,19700987,19700987,21000000,69300.38297258243,47652192263,1365285944037,1312030526,0.9964,1.0002,1.1261,1.068,2.5742
Bitcoin,5617,198,3079,73781.24185982272,19700987,19700987,21000000,69287.239765847,47632481462,1365027009892,1283784305,0.9962,1.0,1.1259,1.0678,2.5737
Bitcoin,5617,198,3079,73781.24185982272,19700987,19700987,21000000,69283.1133441306,47601363531,1364945715312,1291285008,0.995,1.0009,1.1248,1.0671,2.5746
Bitcoin,5617,198,3079,73781.24185982272,19700987,19700987,21000000,69276.28893650266,47563134687,1364811267746,1314366267,0.9949,1.0008,1.1247,1.067,2.5743
Bitcoin,5617,198,3079,73781.24185982272,19700987,19700987,21000000,69272.97595181038,47499222915,1364745998677,1312623187,0.9948,1.0008,1.1246,1.067,2.5742
Bitcoin,5617,198,3079,73781.24185982272,19700987,19700987,21000000,69252.75247933579,47466131573,1364347576309,1312741169,0.9946,1.0005,1.1243,1.0667,2.5734
Bitcoin,5617,198,3079,73781.24185982272,19700987,19700987,21000000,69261.26687625823,47452654189,1364515318332,1286780645,0.9947,1.0006,1.1244,1.0668,2.5737
Bitcoin,5617,198,3078,73781.24185982272,19700987,19700987,21000000,69266.84592203544,47402853892,1364625231041,1297007558,0.9948,1.0007,1.1245,1.0669,2.574
Bitcoin,5617,198,3078,73781.24185982272,19700987,19700987,21000000,69289.03670401215,47288709977,1365062411348,1296789262,0.9951,1.001,1.1249,1.0672,2.5748
Bitcoin,5617,198,3078,73781.24185982272,19700987,19700987,21000000,69285.06611118893,47267509493,1364984186750,1322822951,0.995,1.0009,1.1248,1.0672,2.5746
Bitcoin,5617,198,3078,73781.24185982272,19700987,19700987,21000000,69282.00773927961,47218558923,1364923933805,1325589806,0.995,1.0009,1.1248,1.0671,2.5745
Bitcoin,5617,198,3078,73781.24185982272,19700987,19700987,21000000,69249.8932004471,47175245226,1364291245693,1324072797,0.9945,1.0004,1.1243,1.0666,2.5733
Bitcoin,5617,198,3078,73781.24185982272,19700987,19700987,21000000,69233.12507184486,47139317773,1363960897009,1314089730,0.9943,1.0002,1.124,1.0664,2.5727
Bitcoin,5617,198,3078,73781.24185982272,19700987,19700987,21000000,69188.02417881548,47107188819,1363072364902,1310527796,0.992,0.9892,1.1229,1.0659,2.571
Bitcoin,5617,198,3078,73781.24185982272,19700987,19700987,21000000,69215.2176137285,47111492455,1363608102410,1278306415,0.9924,0.9896,1.1233,1.0663,2.572
Bitcoin,5617,198,3078,73781.24185982272,19700987,19700987,21000000,69254.08049744858,47118638067,1364373739577,1269951826,0.993,0.9902,1.1239,1.0669,2.5735
Bitcoin,5617,198,3078,73781.24185982272,19700987,19700987,21000000,69391.0807445853,47206633245,1367072779665,1294158685,0.995,0.9921,1.1262,1.069,2.5786
Bitcoin,5617,198,3078,73781.24185982272,19700987,19700987,21000000,69401.98186719733,47201930581,1367287542539,1300990576,0.9951,0.9923,1.1263,1.0692,2.579
Bitcoin,5617,198,3078,73781.24185982272,19700987,19700987,21000000,69401.58988956492,47178569227,1367279820193,1304912564,0.9951,0.9923,1.1263,1.0692,2.579
Bitcoin,5617,198,3078,73781.24185982272,19700987,19700987,21000000,69421.54903718528,47186634677,1367673035101,1311156415,0.9954,0.9926,1.1267,1.0695,2.5797
Bitcoin,5617,198,3078,73781.24185982272,19700987,19700987,21000000,69422.72864931014,47161988390,1367696274624,1310847779,0.9954,0.9926,1.1267,1.0695,2.5797
Bitcoin,5617,198,3078,73781.24185982272,19700987,19700987,21000000,69412.83016888193,47079939916,1367501264790,1313554270,0.9953,0.9924,1.1265,1.0693,2.5794
Bitcoin,5617,198,3078,73781.24185982272,19700987,19700987,21000000,69417.90861435274,47068927121,1367601315178,1320741918,0.9953,0.9925,1.1266,1.0694,2.5796
Bitcoin,5617,198,3078,73781.24185982272,19700987,19700987,21000000,69420.3630112527,47047757405,1367649669219,1319235115,0.9954,0.9926,1.1266,1.0694,2.5797
Bitcoin,5617,198,3078,73781.24185982272,19700987,19700987,21000000,69441.91288766562,47054339166,1368074223055,1325442509,0.9957,0.9929,1.127,1.0698,2.5805
Bitcoin,5617,198,3078,73781.24185982272,19700987,19700987,21000000,69435.43652846536,47039643635,1367946632386,1335319110,0.9956,0.9928,1.1269,1.0697,2.5802
Bitcoin,5617,198,3078,73781.24185982272,19700987,19700987,21000000,69434.06561292188,47012466444,1367919623997,1337055115,0.9956,0.9927,1.1269,1.0697,2.5802
Bitcoin,5617,198,3078,73781.24185982272,19700987,19700987,21000000,69404.26244694206,46989603420,1367332472211,1336767036,0.9951,0.9923,1.1264,1.0692,2.5791
Bitcoin,5617,198,3078,73781.24185982272,19700987,19700987,21000000,69394.9419055762,46961724880,1367148848347,1337419401,0.9955,0.9933,1.1263,1.0691,2.5785
Bitcoin,5617,198,3078,73781.24185982272,19700987,19700987,21000000,69385.3747883059,46935464636,1366960366694,1342405922,0.9953,0.9932,1.1261,1.0689,2.5781
Bitcoin,5617,198,3078,73781.24185982272,19700987,19700987,21000000,69354.62718937387,46892954592,1366354608647,1341865922,0.9949,0.9927,1.1256,1.0685,2.577
Bitcoin,5617,198,3077,73781.24185982272,19700987,19700987,21000000,69378.44758689884,46331560118,1366823893989,1335921331,0.9957,0.9925,1.1258,1.0691,2.5774
Bitcoin,5617,198,3075,73781.24185982272,19700987,19700987,21000000,69478.90290860724,44865738143,1368802962976,1345813839,0.9941,0.9962,1.1266,1.0739,2.58
Bitcoin,5617,198,3075,73781.24185982272,19700987,19700987,21000000,69478.46277077815,44856618283,1368794291827,1346268652,0.9941,0.9962,1.1266,1.0739,2.5799
Bitcoin,5617,198,3075,73781.24185982272,19700987,19700987,21000000,69478.23157584756,44836700611,1368789737058,1345027738,0.9941,0.9962,1.1266,1.0739,2.5799
Bitcoin,5617,198,3075,73781.24185982272,19700987,19700987,21000000,69493.1633048896,44824656707,1369083906858,1339979930,0.9943,0.9965,1.1268,1.0741,2.5805
Bitcoin,5617,198,3075,73781.24185982272,19700987,19700987,21000000,69493.94129957625,44817086902,1369099234121,1344387761,0.9943,0.9965,1.1269,1.0741,2.5805
Bitcoin,5617,198,3075,73781.24185982272,19700987,19700987,21000000,69565.80060686215,44862990565,1370514933400,1340192546,0.9953,0.9975,1.128,1.0753,2.5832
Bitcoin,5617,198,3075,73781.24185982272,19700987,19700987,21000000,69563.70889489465,44844547172,1370473724610,1340106876,0.9953,0.9975,1.128,1.0752,2.5831
Bitcoin,5617,198,3075,73781.24185982272,19700987,19700987,21000000,69566.6145446298,44835096532,1370530968777,1343799677,0.9953,0.9975,1.128,1.0753,2.5832
Bitcoin,5617,198,3075,73781.24185982272,19700987,19700987,21000000,69548.61822184481,44817390069,1370176423456,1349078403,0.9951,0.9972,1.1277,1.075,2.5825
Bitcoin,5617,198,3075,73781.24185982272,19700987,19700987,21000000,69556.33388833619,44803365315,1370328429701,1354175023,0.9952,0.9974,1.1279,1.0751,2.5828
Bitcoin,5617,198,3075,73781.24185982272,19700987,19700987,21000000,69556.43563329759,44792536402,1370330434177,1352579518,0.9952,0.9974,1.1279,1.0751,2.5828
Bitcoin,5617,198,3075,73781.24185982272,19700987,19700987,21000000,69562.45148617805,44782895545,1370448952417,1349105217,0.9953,0.9974,1.128,1.0752,2.5831
Bitcoin,5617,198,3075,73781.24185982272,19700987,19700987,21000000,69561.6167580011,44773236317,1370432507448,1350684769,0.9952,0.9974,1.128,1.0752,2.583
Bitcoin,5617,198,3075,73781.24185982272,19700987,19700987,21000000,69563.1750572133,44764862171,1370463207480,1343521420,0.9953,0.9975,1.128,1.0752,2.5831
Bitcoin,5617,198,3075,73781.24185982272,19700987,19700987,21000000,69568.28107765778,44752671652,1370563801123,1345349951,0.9953,0.9975,1.1281,1.0753,2.5833
Bitcoin,5617,198,3075,73781.24185982272,19700987,19700987,21000000,69570.79302766151,44743323582,1370613289017,1345089875,0.9956,0.9987,1.1288,1.0729,2.5843
Bitcoin,5617,198,3075,73781.24185982272,19700987,19700987,21000000,69570.79302766151,44743323582,1370613289017,1345089875,0.9956,0.9987,1.1288,1.0729,2.5843
Bitcoin,5617,198,3074,73781.24185982272,19700987,19700987,21000000,69576.16120668137,44734635337,1370719047442,1344276046,0.9957,0.9988,1.1289,1.073,2.5845
Bitcoin,5617,198,3074,73781.24185982272,19700987,19700987,21000000,69591.13795635318,44732393489,1371014104193,1335707702,0.9959,0.999,1.1292,1.0732,2.585
Bitcoin,5617,198,3074,73781.24185982272,19700987,19700987,21000000,69596.61301609989,44728586152,1371121968274,1335771803,0.9959,0.999,1.1293,1.0733,2.5852
Bitcoin,5618,196,3064,73781.24185982272,19700987,19700987,21000000,70503.79640566009,27420899025,1388994376438,1360364560,1.0058,1.0075,1.0887,1.0607,2.5792
Bitcoin,5618,196,3064,73781.24185982272,19700987,19700987,21000000,70503.84326838424,27415801465,1388995299680,1358979362,1.0058,1.0075,1.0887,1.0607,2.5792
Bitcoin,5618,196,3064,73781.24185982272,19700987,19700987,21000000,70503.06030109494,27411631729,1388979874452,1358869301,1.0058,1.0075,1.0886,1.0607,2.5792
Bitcoin,5618,196,3064,73781.24185982272,19700987,19700987,21000000,70503.06030109494,27411631729,1388979874452,1358869301,1.0058,1.0075,1.0886,1.0607,2.5792
Bitcoin,5618,196,3064,73781.24185982272,19700987,19700987,21000000,70448.2127441462,27384579678,1387899323445,1357108504,1.005,1.0067,1.0878,1.0599,2.5772
Bitcoin,5618,196,3064,73781.24185982272,19700987,19700987,21000000,70437.00591841937,27375737128,1387678537917,1353730836,1.0048,1.0065,1.0876,1.0597,2.5767
Bitcoin,5618,196,3064,73781.24185982272,19700987,19700987,21000000,70435.82556707418,27379928039,1387655283831,1358347689,1.0048,1.0065,1.0876,1.0597,2.5767
Bitcoin,5618,196,3064,73781.24185982272,19700987,19700987,21000000,70434.54270872347,27375506860,1387630010255,1357645195,1.0048,1.0065,1.0876,1.0597,2.5767
Bitcoin,5618,196,3064,73781.24185982272,19700987,19700987,21000000,70441.36905057277,27373267586,1387764495927,1358429830,1.0049,1.0066,1.0877,1.0598,2.5769
Bitcoin,5618,196,3064,73781.24185982272,19700987,19700987,21000000,70421.29425822827,27360586452,1387369002704,1354500834,1.0046,1.0063,1.0874,1.0595,2.5762
Bitcoin,5618,196,3064,73781.24185982272,19700987,19700987,21000000,70417.47859396148,27354479778,1387293830352,1344674676,1.0046,1.0062,1.0873,1.0594,2.576
Bitcoin,5618,196,3064,73781.24185982272,19700987,19700987,21000000,70397.40007995558,27339804099,1386898263809,1340727432,1.0027,1.0061,1.0874,1.0621,2.5745
Bitcoin,5618,196,3064,73781.24185982272,19700987,19700987,21000000,70403.77293387511,27336790306,1387023815321,1336022736,1.0028,1.0062,1.0875,1.0621,2.5747
Bitcoin,5618,196,3064,73781.24185982272,19700987,19700987,21000000,70403.93345474267,27334481976,1387026977740,1337855685,1.0028,1.0062,1.0876,1.0622,2.5747
Bitcoin,5618,196,3064,73781.24185982272,19700987,19700987,21000000,70416.95818317017,27321784048,1387283577746,1341031472,1.003,1.0064,1.0878,1.0623,2.5752
Bitcoin,5618,196,3064,73781.24185982272,19700987,19700987,21000000,70395.9401427325,27302862903,1386869501604,1371159285,1.0027,1.0061,1.0874,1.062,2.5745
Bitcoin,5618,196,3064,73781.24185982272,19700987,19700987,21000000,70395.9401427325,27302862903,1386869501604,1371159285,1.0027,1.0061,1.0874,1.062,2.5745
Bitcoin,5618,196,3064,73781.24185982272,19700987,19700987,21000000,70349.76943281961,27252776142,1385959893048,1369653431,1.002,1.0054,1.0867,1.0613,2.5728
Bitcoin,5618,196,3064,73781.24185982272,19700987,19700987,21000000,70348.27605078895,27235883917,1385930471949,1373458168,1.002,1.0054,1.0867,1.0613,2.5727
Bitcoin,5618,196,3064,73781.24185982272,19700987,19700987,21000000,70347.23999395255,27221748264,1385910060606,1373760316,1.002,1.0054,1.0867,1.0613,2.5727
Bitcoin,5618,196,3064,73781.24185982272,19700987,19700987,21000000,70348.05335484937,27189358971,1385926084619,1376570769,1.002,1.0054,1.0867,1.0613,2.5727
Bitcoin,5618,196,3064,73781.24185982272,19700987,19700987,21000000,70351.57119545511,27184633005,1385995389551,1367545810,1.002,1.0054,1.0867,1.0614,2.5728
Bitcoin,5618,196,3064,73781.24185982272,19700987,19700987,21000000,70352.21609369903,27180314420,1386008094683,1369076214,1.002,1.0054,1.0868,1.0614,2.5729
Bitcoin,5618,196,3064,73781.24185982272,19700987,19700987,21000000,70360.78144480393,27174230644,1386176840553,1374621708,1.0022,1.0056,1.0869,1.0615,2.5732
Bitcoin,5618,196,3064,73781.24185982272,19700987,19700987,21000000,70361.1572577921,27170739814,1386184244440,1369520126,1.0022,1.0056,1.0869,1.0615,2.5732
Bitcoin,5618,196,3064,73781.24185982272,19700987,19700987,21000000,70370.22915195301,27166892608,1386362969709,1370720018,1.0023,1.0057,1.087,1.0616,2.5735
Bitcoin,5618,196,3064,73781.24185982272,19700987,19700987,21000000,70370.35679893754,27156067281,1386365484481,1368489185,1.0023,1.0057,1.087,1.0616,2.5735
Bitcoin,5618,196,3064,73781.24185982272,19700987,19700987,21000000,70370.16286877029,27150712439,1386361663865,1375867119,1.0023,1.0057,1.087,1.0616,2.5735
Bitcoin,5618,196,3064,73781.24185982272,19700987,19700987,21000000,70366.39346936514,27143402842,1386287402976,1380857360,1.0027,1.0051,1.0867,1.0626,2.5734
Bitcoin,5618,196,3064,73781.24185982272,19700987,19700987,21000000,70346.70396825347,27132020381,1385899500371,1389693921,1.0024,1.0048,1.0864,1.0623,2.5727
Bitcoin,5618,196,3064,73781.24185982272,19700987,19700987,21000000,70343.49927139327,27124175690,1385836364680,1400968437,1.0024,1.0048,1.0863,1.0622,2.5725
Bitcoin,5618,196,3064,73781.24185982272,19700987,19700987,21000000,70314.90974392122,27107765910,1385273122771,1402298325,1.002,1.0044,1.0859,1.0618,2.5715
Bitcoin,5618,196,3064,73781.24185982272,19700987,19700987,21000000,70314.90974014504,27105005516,1385273122696,1399255938,1.002,1.0044,1.0859,1.0618,2.5715
Bitcoin,5618,196,3064,73781.24185982272,19700987,19700987,21000000,70256.72972091625,27073212032,1384126918894,1406230684,1.0011,1.0035,1.085,1.0609,2.5694
Bitcoin,5618,196,3064,73781.24185982272,19700987,19700987,21000000,70247.06745292885,27060587205,1383936562678,1404743556,1.001,1.0034,1.0848,1.0607,2.569
Bitcoin,5618,196,3064,73781.24185982272,19700987,19700987,21000000,70251.8185683637,27056743687,1384030164341,1401930874,1.0011,1.0035,1.0849,1.0608,2.5692
Bitcoin,5618,196,3064,73781.24185982272,19700987,19700987,21000000,70251.88370955855,27050965993,1384031447687,1404758932,1.0011,1.0035,1.0849,1.0608,2.5692
Bitcoin,5618,196,3064,73781.24185982272,19700987,19700987,21000000,70258.69417834263,27043762220,1384165620644,1404340372,1.0012,1.0036,1.085,1.0609,2.5694
Bitcoin,5618,196,3064,73781.24185982272,19700987,19700987,21000000,70258.4647640271,27037854991,1384161100956,1407747642,1.0012,1.0035,1.085,1.0609,2.5694
Bitcoin,5618,196,3064,73781.24185982272,19700987,19700987,21000000,70244.1036634673,27029407438,1383878173100,1400321523,1.001,1.0033,1.0848,1.0607,2.5689
Bitcoin,5618,196,3064,73781.24185982272,19700987,19700987,21000000,70248.28799533001,27009905937,1383960608568,1395512050,1.0008,1.0059,1.0841,1.0615,2.5718
Bitcoin,5618,196,3063,73781.24185982272,19700987,19700987,21000000,70249.08421698284,27004756288,1383976294920,1393888351,1.0008,1.0059,1.0841,1.0615,2.5718
Bitcoin,5618,196,3063,73781.24185982272,19700987,19700987,21000000,70267.09117892552,27003559695,1384331049843,1392260822,1.0011,1.0062,1.0844,1.0617,2.5725
Bitcoin,5618,196,3063,73781.24185982272,19700987,19700987,21000000,70269.14755123008,26996913732,1384371562407,1399010208,1.0011,1.0062,1.0844,1.0618,2.5726
Bitcoin,5618,196,3063,73781.24185982272,19700987,19700987,21000000,70269.63502091693,26987149912,1384381166041,1390936347,1.0011,1.0062,1.0844,1.0618,2.5726
Bitcoin,5618,196,3063,73781.24185982272,19700987,19700987,21000000,70262.30038961112,26979210754,1384236666565,1378495062,1.001,1.0061,1.0843,1.0617,2.5723
Bitcoin,5618,196,3063,73781.24185982272,19700987,19700987,21000000,70261.64315048775,26977285514,1384223718306,1379161852,1.001,1.0061,1.0843,1.0617,2.5723
Bitcoin,5618,196,3063,73781.24185982272,19700987,19700987,21000000,70256.37566670313,26964272283,1384119943676,1374742475,1.0009,1.006,1.0842,1.0616,2.5721
Bitcoin,5618,196,3063,73781.24185982272,19700987,19700987,21000000,70249.14964100198,26957333572,1383977583838,1375379129,1.0008,1.0059,1.0841,1.0615,2.5718
Bitcoin,5618,196,3063,73781.24185982272,19700987,19700987,21000000,70242.14850205604,26956781588,1383839654491,1377287308,1.0007,1.0058,1.084,1.0614,2.5716
Bitcoin,5618,196,3064,73781.24185982272,19700987,19700987,21000000,70224.51000007446,26950737043,1383492158592,1378418157,1.0005,1.0056,1.0837,1.0611,2.5709
Bitcoin,5618,196,3064,73781.24185982272,19700987,19700987,21000000,70224.50999759702,26949050231,1383492158544,1377423552,1.0005,1.0056,1.0837,1.0611,2.5709
Bitcoin,5618,196,3064,73781.24185982272,19700987,19700987,21000000,70237.40129282477,26949689647,1383746129783,1371516447,1.0007,1.0058,1.0839,1.0613,2.5714
Bitcoin,5618,196,3064,73781.24185982272,19700987,19700987,21000000,70263.41470158526,26958181439,1384258619611,1368096372,1.001,1.0061,1.0843,1.0617,2.5724
Bitcoin,5618,196,3064,73781.24185982272,19700987,19700987,21000000,70264.41764117316,26955703477,1384278378511,1373927649,1.0011,1.0062,1.0844,1.0617,2.5724
Bitcoin,5618,196,3064,73781.24185982272,19700987,19700987,21000000,70267.40505103713,26957981274,1384337233434,1374716029,1.0011,1.0062,1.0844,1.0617,2.5725
Bitcoin,5618,196,3064,73781.24185982272,19700987,19700987,21000000,70268.20292624398,26951140568,1384352952363,1374167044,0.9976,1.0069,1.0837,1.0619,2.5725
Bitcoin,5618,196,3064,73781.24185982272,19700987,19700987,21000000,70301.8760614986,26946772964,1385016346363,1364147800,0.998,1.0074,1.0842,1.0624,2.5738
Bitcoin,5618,196,3064,73781.24185982272,19700987,19700987,21000000,70304.0642014989,26941203578,1385059454880,1370676546,0.9981,1.0075,1.0842,1.0625,2.5738
Bitcoin,5618,196,3064,73781.24185982272,19700987,19700987,21000000,70333.59161041523,26945343346,1385641173980,1375234549,0.9985,1.0079,1.0847,1.0629,2.5749
Bitcoin,5618,196,3064,73781.24185982272,19700987,19700987,21000000,70316.34595484553,26937944823,1385301417543,1382487515,0.9983,1.0076,1.0844,1.0627,2.5743
Bitcoin,5618,196,3064,73781.24185982272,19700987,19700987,21000000,70314.12051030718,26930689299,1385257574089,1358872157,0.9982,1.0076,1.0844,1.0626,2.5742
Bitcoin,5618,196,3064,73781.24185982272,19700987,19700987,21000000,70265.13519167108,26902772007,1384292514964,1356736943,0.9975,1.0069,1.0836,1.0619,2.5724
Bitcoin,5618,196,3064,73781.24185982272,19700987,19700987,21000000,70266.14875042834,26910586922,1384312483072,1375925685,0.9975,1.0069,1.0837,1.0619,2.5725
Bitcoin,5618,196,3064,73781.24185982272,19700987,19700987,21000000,70268.2055158079,26906325671,1384353003380,1376427448,0.9976,1.0069,1.0837,1.0619,2.5725
Bitcoin,5618,196,3064,73781.24185982272,19700987,19700987,21000000,70263.63410342207,26901414059,1384262942044,1369913290,0.9975,1.0069,1.0836,1.0619,2.5724
Bitcoin,5618,196,3064,73781.24185982272,19700987,19700987,21000000,70261.88426011168,26897184443,1384228468403,1366070213,0.9975,1.0069,1.0836,1.0618,2.5723
Bitcoin,5618,196,3064,73781.24185982272,19700987,19700987,21000000,70260.79064435961,26893699508,1384206923094,1358061819,0.9975,1.0068,1.0836,1.0618,2.5723
Bitcoin,5618,196,3064,73781.24185982272,19700987,19700987,21000000,70264.21525073526,26891354587,1384274391219,1357056155,0.9963,1.0067,1.0822,1.0606,2.5764
Bitcoin,5618,196,3064,73781.24185982272,19700987,19700987,21000000,70272.8006248167,26891761850,1384443531563,1342593458,0.9964,1.0068,1.0823,1.0608,2.5767
Bitcoin,5618,196,3064,73781.24185982272,19700987,19700987,21000000,70282.1466583867,26890202714,1384627657648,1352782696,0.9966,1.007,1.0824,1.0609,2.577
Bitcoin,5618,196,3064,73781.24185982272,19700987,19700987,21000000,70281.72627547338,26884933851,1384619375690,1351286847,0.9965,1.007,1.0824,1.0609,2.577
Bitcoin,5618,196,3064,73781.24185982272,19700987,19700987,21000000,70280.37395988939,26879334849,1384592733738,1334642144,0.9965,1.0069,1.0824,1.0609,2.5769
Bitcoin,5618,196,3064,73781.24185982272,19700987,19700987,21000000,70264.04803511433,26870343272,1384271096907,1333492422,0.9963,1.0067,1.0822,1.0606,2.5763
Bitcoin,5618,196,3064,73781.24185982272,19700987,19700987,21000000,70263.3360522469,26877966543,1384257070141,1332445913,0.9963,1.0067,1.0821,1.0606,2.5763
Bitcoin,5618,196,3064,73781.24185982272,19700987,19700987,21000000,70264.14887997929,26868751802,1384273083650,1347327318,0.9963,1.0067,1.0822,1.0606,2.5764
Bitcoin,5618,196,3064,73781.24185982272,19700987,19700987,21000000,70273.2761363946,26872096512,1384452899610,1346538133,0.9964,1.0068,1.0823,1.0608,2.5767
Bitcoin,5618,196,3064,73781.24185982272,19700987,19700987,21000000,70274.10657717173,26892566461,1384469260113,1353900092,0.9964,1.0069,1.0823,1.0608,2.5767
Bitcoin,5618,196,3065,73781.24185982272,19700987,19700987,21000000,70273.73308932329,26894041365,1384461902034,1352566790,0.9964,1.0068,1.0823,1.0608,2.5767
Bitcoin,5618,196,3065,73781.24185982272,19700987,19700987,21000000,70267.84350331183,26892650332,1384345871376,1356922631,0.9963,1.0068,1.0822,1.0607,2.5765
Bitcoin,5618,196,3066,73781.24185982272,19700987,19700987,21000000,70267.77959648303,26890800960,1384344612349,1356470937,0.9963,1.0068,1.0822,1.0607,2.5765
Bitcoin,5618,196,3066,73781.24185982272,19700987,19700987,21000000,70271.17230724063,26886367084,1384411452099,1349560559,0.9964,1.0068,1.0823,1.0608,2.5766
Bitcoin,5618,196,3066,73781.24185982272,19700987,19700987,21000000,70270.89355001217,26883699463,1384405960307,1349856358,0.9964,1.0068,1.0823,1.0608,2.5766
Bitcoin,5618,196,3066,73781.24185982272,19700987,19700987,21000000,70270.89355001217,26883699463,1384405960307,1349856358,0.9964,1.0068,1.0823,1.0608,2.5766
Bitcoin,5618,196,3066,73781.24185982272,19700987,19700987,21000000,70267.50361575367,26871131446,1384339175256,1353487572,0.9969,1.0067,1.085,1.0622,2.5765
Bitcoin,5618,196,3066,73781.24185982272,19700987,19700987,21000000,70261.05760403644,26865862167,1384212182463,1351818906,0.9968,1.0066,1.0849,1.0621,2.5762
Bitcoin,5618,196,3066,73781.24185982272,19700987,19700987,21000000,70262.55273237951,26863845117,1384241637967,1343601839,0.9969,1.0067,1.085,1.0621,2.5763
Bitcoin,5618,196,3066,73781.24185982272,19700987,19700987,21000000,70251.49651232053,26855560448,1384023819519,1353425139,0.9967,1.0065,1.0848,1.0619,2.5759
Bitcoin,5618,196,3066,73781.24185982272,19700987,19700987,21000000,70256.28635021827,26857365994,1384118184053,1357708608,0.9968,1.0066,1.0849,1.062,2.5761
Bitcoin,5618,196,3066,73781.24185982272,19700987,19700987,21000000,70256.0448133586,26851284144,1384113425539,1357549529,0.9968,1.0066,1.0849,1.062,2.5761
Bitcoin,5618,196,3066,73781.24185982272,19700987,19700987,21000000,70260.62315604642,26850239921,1384203623409,1357916536,0.9968,1.0066,1.0849,1.0621,2.5762
Bitcoin,5618,196,3066,73781.24185982272,19700987,19700987,21000000,70261.5894921962,26862160444,1384222661185,1356892141,0.9969,1.0066,1.0849,1.0621,2.5763
Bitcoin,5618,196,3066,73781.24185982272,19700987,19700987,21000000,70262.8549512682,26856808438,1384247591977,1340703498,0.9969,1.0067,1.085,1.0621,2.5763
Bitcoin,5618,196,3066,73781.24185982272,19700987,19700987,21000000,70272.13355836821,26857337378,1384430389695,1343834932,0.997,1.0068,1.0851,1.0623,2.5766
Bitcoin,5618,196,3066,73781.24185982272,19700987,19700987,21000000,70272.13355836821,26857337378,1384430389695,1343834932,0.997,1.0068,1.0851,1.0623,2.5766
Bitcoin,5618,196,3066,73781.24185982272,19700987,19700987,21000000,70264.39560144264,26841496961,1384277944306,1343170991,0.9969,1.0067,1.085,1.0621,2.5764
Bitcoin,5618,196,3066,73781.24185982272,19700987,19700987,21000000,70256.06430376273,26827443804,1384113809519,1353088777,0.9973,1.0075,1.0855,1.0605,2.5744
Bitcoin,5618,196,3066,73781.24185982272,19700987,19700987,21000000,70256.44157803387,26778880100,1384121242195,1358851093,0.9973,1.0075,1.0855,1.0605,2.5744
Bitcoin,5618,196,3065,73781.24185982272,19700987,19700987,21000000,70256.56881364225,26769971548,1384123748862,1366087405,0.9973,1.0075,1.0855,1.0605,2.5744
Bitcoin,5618,196,3065,73781.24185982272,19700987,19700987,21000000,70253.60189512261,26671902380,1384065297638,1369846449,0.9973,1.0075,1.0855,1.0604,2.5743
Bitcoin,5618,196,3065,73781.24185982272,19700987,19700987,21000000,70253.50620283256,26664922914,1384063412406,1367726815,0.9973,1.0075,1.0855,1.0604,2.5743
Bitcoin,5618,196,3065,73781.24185982272,19700987,19700987,21000000,70251.0608258716,26657216546,1384015236066,1371490842,0.9972,1.0075,1.0854,1.0604,2.5742
Bitcoin,5618,196,3065,73781.24185982272,19700987,19700987,21000000,70232.21587230734,26646420452,1383643971881,1373037976,0.997,1.0072,1.0851,1.0601,2.5735
Bitcoin,5618,196,3065,73781.24185982272,19700987,19700987,21000000,70230.00220978852,26639731082,1383600360545,1373187300,0.9969,1.0072,1.0851,1.0601,2.5734
Bitcoin,5618,196,3065,73781.24185982272,19700987,19700987,21000000,70228.13492295891,26630388854,1383563573151,1372578945,0.9969,1.0071,1.0851,1.06,2.5733
Bitcoin,5618,196,3065,73781.24185982272,19700987,19700987,21000000,70226.5546258309,26617810786,1383532439738,1371786544,0.9969,1.0071,1.085,1.06,2.5733
Bitcoin,5618,196,3066,73781.24185982272,19700987,19700987,21000000,70226.10424714604,26611263196,1383523566833,1373563991,0.9969,1.0071,1.085,1.06,2.5733
Bitcoin,5618,196,3066,73781.24185982272,19700987,19700987,21000000,70227.5443053823,26605214718,1383551937402,1366463123,0.9969,1.0071,1.0851,1.06,2.5733
Bitcoin,5618,196,3066,73781.24185982272,19700987,19700987,21000000,70206.7645479938,26592988053,1383142555672,1360472595,0.9966,1.0068,1.0847,1.0597,2.5726
Bitcoin,5618,196,3066,73781.24185982272,19700987,19700987,21000000,70200.54995012001,26587479448,1383020121960,1358225600,0.9965,1.0067,1.0846,1.0596,2.5723
Bitcoin,5618,196,3066,73781.24185982272,19700987,19700987,21000000,70156.56642013483,26565118642,1382153603007,1365989525,0.9959,1.0061,1.084,1.059,2.5707
Bitcoin,5618,196,3066,73781.24185982272,19700987,19700987,21000000,70153.68392583377,26563436302,1382096815024,1370985043,0.997,1.007,1.0821,1.0569,2.5706
Bitcoin,5618,196,3066,73781.24185982272,19700987,19700987,21000000,70154.08630961797,26557786669,1382104742382,1367561872,0.997,1.007,1.0821,1.0569,2.5706
Bitcoin,5618,196,3065,73781.24185982272,19700987,19700987,21000000,70153.99104871092,26546676853,1382102865648,1369806382,0.997,1.007,1.0821,1.0569,2.5706
Bitcoin,5618,196,3065,73781.24185982272,19700987,19700987,21000000,70153.99104871092,26546676853,1382102865648,1369806382,0.997,1.007,1.0821,1.0569,2.5706
Bitcoin,5618,196,3065,73781.24185982272,19700987,19700987,21000000,70175.1441788335,26541938723,1382519603190,1353049172,0.9973,1.0073,1.0824,1.0572,2.5714
Bitcoin,5618,196,3065,73781.24185982272,19700987,19700987,21000000,70185.05964853268,26537363519,1382714947729,1352357504,0.9974,1.0074,1.0826,1.0574,2.5718
Bitcoin,5618,196,3065,73781.24185982272,19700987,19700987,21000000,70187.33823646119,26532504910,1382759838161,1349317592,0.9974,1.0075,1.0826,1.0574,2.5719
Bitcoin,5618,196,3065,73781.24185982272,19700987,19700987,21000000,70195.34165472518,26530301576,1382917513400,1349572648,0.9976,1.0076,1.0827,1.0575,2.5721
Bitcoin,5618,196,3065,73781.24185982272,19700987,19700987,21000000,70187.95926064301,26528322436,1382772072950,1351623569,0.9974,1.0075,1.0826,1.0574,2.5719
Bitcoin,5618,196,3065,73781.24185982272,19700987,19700987,21000000,70182.76476963842,26521788558,1382669736350,1352572732,0.9974,1.0074,1.0826,1.0573,2.5717
Bitcoin,5618,196,3065,73781.24185982272,19700987,19700987,21000000,70168.54657175284,26513598532,1382389623818,1357227402,0.9972,1.0072,1.0823,1.0571,2.5712
Bitcoin,5618,196,3065,73781.24185982272,19700987,19700987,21000000,70156.70437266573,26509884407,1382156320808,1365005420,0.997,1.007,1.0821,1.057,2.5707
Bitcoin,5618,196,3065,73781.24185982272,19700987,19700987,21000000,70156.73464963285,26498872605,1382156917294,1369753552,0.997,1.007,1.0821,1.057,2.5707
Bitcoin,5618,196,3065,73781.24185982272,19700987,19700987,21000000,70146.29449586326,26489153226,1381951235961,1351667338,0.9966,1.0046,1.0814,1.0557,2.5674
Bitcoin,5618,196,3065,73781.24185982272,19700987,19700987,21000000,70148.1938926294,26487688611,1381988655952,1346677150,0.9966,1.0046,1.0815,1.0557,2.5674
Bitcoin,5618,196,3065,73781.24185982272,19700987,19700987,21000000,70147.98373679376,26482171747,1381984515674,1346794977,0.9966,1.0046,1.0815,1.0557,2.5674
Bitcoin,5618,196,3065,73781.24185982272,19700987,19700987,21000000,70140.87705837631,26475388499,1381844507095,1356503478,0.9965,1.0045,1.0814,1.0556,2.5672
Bitcoin,5618,196,3064,73781.24185982272,19700987,19700987,21000000,70142.26891312792,26463123218,1381871928008,1355622621,0.9966,1.0045,1.0814,1.0556,2.5672
Bitcoin,5618,196,3064,73781.24185982272,19700987,19700987,21000000,70141.97525147838,26443569438,1381866142583,1354914454,0.9966,1.0045,1.0814,1.0556,2.5672
Bitcoin,5618,196,3064,73781.24185982272,19700987,19700987,21000000,70133.53333446776,26432557483,1381699828486,1363661990,0.9964,1.0044,1.0812,1.0555,2.5669
Bitcoin,5618,196,3064,73781.24185982272,19700987,19700987,21000000,70138.66720784367,26421015004,1381800970859,1363306683,0.9965,1.0045,1.0813,1.0556,2.5671
Bitcoin,5618,196,3064,73781.24185982272,19700987,19700987,21000000,70154.11597443758,26404960930,1382105326808,1352411857,0.9967,1.0047,1.0816,1.0558,2.5676
Bitcoin,5618,196,3064,73781.24185982272,19700987,19700987,21000000,70153.64928303676,26383251715,1382096132527,1356882548,0.9967,1.0047,1.0816,1.0558,2.5676
Bitcoin,5618,196,3064,73781.24185982272,19700987,19700987,21000000,70153.31349977452,26374471878,1382089517265,1353461426,0.9967,1.0047,1.0815,1.0558,2.5676
Bitcoin,5618,196,3064,73781.24185982272,19700987,19700987,21000000,70153.31349977452,26374471878,1382089517265,1353461426,0.9967,1.0047,1.0815,1.0558,2.5676
Bitcoin,5618,196,3064,73781.24185982272,19700987,19700987,21000000,70146.51623850552,26346186036,1381955604510,1359320150,0.9966,1.0046,1.0814,1.0557,2.5674
Bitcoin,5618,196,3064,73781.24185982272,19700987,19700987,21000000,70149.5345270525,26339829154,1382015067773,1359157294,0.9967,1.0046,1.0815,1.0558,2.5675
Bitcoin,5618,196,3064,73781.24185982272,19700987,19700987,21000000,70163.09288462038,26337437605,1382282180799,1328325258,0.9969,1.0048,1.0817,1.056,2.568
Bitcoin,5618,196,3064,73781.24185982272,19700987,19700987,21000000,70172.00440588471,26323768206,1382457746564,1316938683,0.9946,1.0075,1.0813,1.056,2.5683
Bitcoin,5618,196,3064,73781.24185982272,19700987,19700987,21000000,70171.97819380127,26315794792,1382457230160,1312488313,0.9946,1.0075,1.0813,1.056,2.5683
Bitcoin,5618,196,3064,73781.24185982272,19700987,19700987,21000000,70185.23717642663,26300332898,1382718445204,1331857553,0.9948,1.0077,1.0815,1.0562,2.5688
Bitcoin,5618,196,3064,73781.24185982272,19700987,19700987,21000000,70185.47218806342,26285014386,1382723075165,1337022015,0.9948,1.0077,1.0815,1.0562,2.5688
Bitcoin,5618,196,3064,73781.24185982272,19700987,19700987,21000000,70190.48362799603,26281909013,1382821805478,1348147517,0.9949,1.0078,1.0816,1.0563,2.569
Bitcoin,5618,196,3064,73781.24185982272,19700987,19700987,21000000,70226.83615824017,26297004171,1383537986204,1277301156,0.9954,1.0083,1.0822,1.0568,2.5703
Bitcoin,5618,196,3064,73781.24185982272,19700987,19700987,21000000,70292.02762562507,26323513025,1384822322456,1255575480,0.9963,1.0092,1.0832,1.0578,2.5727
Bitcoin,5618,196,3063,73781.24185982272,19700987,19700987,21000000,70395.86292362299,26369167327,1386867980312,1247498883,0.9978,1.0107,1.0848,1.0594,2.5765
Bitcoin,5618,196,3063,73781.24185982272,19700987,19700987,21000000,70406.0844167497,26367962274,1387069353815,1301295778,0.9979,1.0109,1.0849,1.0595,2.5769
Bitcoin,5618,196,3063,73781.24185982272,19700987,19700987,21000000,70407.42252721926,26375604212,1387095715912,1302672637,0.998,1.0109,1.085,1.0595,2.5769
Bitcoin,5618,196,3063,73781.24185982272,19700987,19700987,21000000,70420.29727262395,26378768789,1387349361104,1306928946,0.9981,1.0111,1.0852,1.0597,2.5774
Bitcoin,5618,196,3063,73781.24185982272,19700987,19700987,21000000,70416.7879673811,26376337613,1387280224327,1324661715,0.9981,1.011,1.0851,1.0597,2.5773
Bitcoin,5618,196,3063,73781.24185982272,19700987,19700987,21000000,70422.27458475396,26373070835,1387388316104,1321965207,0.9982,1.0111,1.0852,1.0598,2.5775
Bitcoin,5618,196,3063,73781.24185982272,19700987,19700987,21000000,70373.40940436922,26353048024,1386425623821,1317235654,0.9975,1.0104,1.0844,1.059,2.5757
Bitcoin,5618,196,3063,73781.24185982272,19700987,19700987,21000000,70356.65506213316,26351057109,1386095546742,1314861618,0.9972,1.0101,1.0842,1.0588,2.5751
Bitcoin,5618,196,3063,73781.24185982272,19700987,19700987,21000000,70356.11777123253,26343528642,1386084961581,1304761891,0.9972,1.0101,1.0842,1.0588,2.575
Bitcoin,5618,196,3063,73781.24185982272,19700987,19700987,21000000,70370.87540266852,26351971516,1386375701486,1308794441,0.9974,1.0106,1.0863,1.0592,2.5762
Bitcoin,5618,196,3063,73781.24185982272,19700987,19700987,21000000,70370.8754051885,26344603668,1386375701536,1308975182,0.9974,1.0106,1.0863,1.0592,2.5762
Bitcoin,5618,196,3063,73781.24185982272,19700987,19700987,21000000,70358.19812131426,26335890194,1386125946531,1314020016,0.9972,1.0104,1.0861,1.059,2.5758
Bitcoin,5618,196,3063,73781.24185982272,19700987,19700987,21000000,70335.95505833325,26322819272,1385687736236,1337052898,0.9969,1.0101,1.0858,1.0587,2.575
Bitcoin,5618,196,3063,73781.24185982272,19700987,19700987,21000000,70325.63461408738,26317148124,1385484413298,1334429156,0.9967,1.0099,1.0856,1.0585,2.5746
Bitcoin,5618,196,3063,73781.24185982272,19700987,19700987,21000000,70328.08529892375,26314208949,1385532694208,1334915449,0.9968,1.0099,1.0857,1.0585,2.5747
Bitcoin,5618,196,3063,73781.24185982272,19700987,19700987,21000000,70312.38527205902,26302542637,1385223388183,1337239222,0.9965,1.0097,1.0854,1.0583,2.5741
Bitcoin,5618,196,3063,73781.24185982272,19700987,19700987,21000000,70309.20328489762,26323595246,1385160699896,1335855236,0.9965,1.0097,1.0854,1.0582,2.574
Bitcoin,5618,196,3063,73781.24185982272,19700987,19700987,21000000,70309.20328489762,26323595246,1385160699896,1335855236,0.9965,1.0097,1.0854,1.0582,2.574
Bitcoin,5618,196,3063,73781.24185982272,19700987,19700987,21000000,70305.08152681353,26320711154,1385079497193,1335757310,0.9964,1.0096,1.0853,1.0582,2.5738
Bitcoin,5618,196,3063,73781.24185982272,19700987,19700987,21000000,70299.39033201318,26309814896,1384967375038,1339418506,0.9964,1.0095,1.0852,1.0581,2.5736
Bitcoin,5618,196,3063,73781.24185982272,19700987,19700987,21000000,70281.87265526713,26295761401,1384622259517,1338890254,0.9961,1.0093,1.0849,1.0578,2.573
Bitcoin,5618,196,3063,73781.24185982272,19700987,19700987,21000000,70281.87348961658,26296989324,1384622275954,1339877444,0.9961,1.0093,1.0849,1.0578,2.573
Bitcoin,5618,196,3063,73781.24185982272,19700987,19700987,21000000,70278.13868251591,26294191476,1384548696568,1335977567,0.9964,1.0078,1.0841,1.0579,2.5728
Bitcoin,5618,196,3063,73781.24185982272,19700987,19700987,21000000,70282.71869178752,26294367132,1384638927271,1334159624,0.9965,1.0079,1.0842,1.058,2.573
Bitcoin,5618,196,3063,73781.24185982272,19700987,19700987,21000000,70278.59666369644,26294495871,1384557719249,1341624537,0.9965,1.0078,1.0841,1.0579,2.5729
Bitcoin,5618,196,3063,73781.24185982272,19700987,19700987,21000000,70278.42057854748,26289951417,1384554250198,1342786259,0.9965,1.0078,1.0841,1.0579,2.5729
Bitcoin,5618,196,3063,73781.24185982272,19700987,19700987,21000000,70277.73441096983,26286650434,1384540732019,1345526311,0.9964,1.0078,1.0841,1.0579,2.5728
Bitcoin,5618,196,3063,73781.24185982272,19700987,19700987,21000000,70257.81275823375,26281274718,1384148255798,1351793379,0.9962,1.0075,1.0838,1.0576,2.5721
Bitcoin,5618,196,3063,73781.24185982272,19700987,19700987,21000000,70257.69859544306,26275391606,1384146006678,1352428088,0.9962,1.0075,1.0838,1.0576,2.5721
Bitcoin,5618,196,3063,73781.24185982272,19700987,19700987,21000000,70258.27097729233,26274120211,1384157283166,1356186986,0.9962,1.0076,1.0838,1.0576,2.5721
Bitcoin,5618,196,3063,73781.24185982272,19700987,19700987,21000000,70258.27097729233,26274120211,1384157283166,1356186986,0.9962,1.0076,1.0838,1.0576,2.5721
Bitcoin,5618,196,3063,73781.24185982272,19700987,19700987,21000000,70262.48545035404,26292320118,1384240312445,1336511627,0.9962,1.0076,1.0839,1.0577,2.5723
Bitcoin,5618,196,3063,73781.24185982272,19700987,19700987,21000000,70267.64941354719,26291082942,1384342047616,1335493727,0.9963,1.0077,1.084,1.0578,2.5725
Bitcoin,5618,196,3063,73781.24185982272,19700987,19700987,21000000,70271.42782528177,26292186368,1384416486057,1347452928,0.9964,1.0077,1.084,1.0578,2.5726
Bitcoin,5618,196,3063,73781.24185982272,19700987,19700987,21000000,70271.42782528177,26292186368,1384416486057,1347452928,0.9964,1.0077,1.084,1.0578,2.5726
Bitcoin,5618,196,3063,73781.24185982272,19700987,19700987,21000000,70278.25026781498,26286313782,1384550894908,1352299702,0.998,1.0075,1.0817,1.0531,2.5779
Bitcoin,5618,196,3063,73781.24185982272,19700987,19700987,21000000,70272.62675651356,26281992360,1384440106185,1356354893,0.9979,1.0074,1.0816,1.053,2.5777
Bitcoin,5618,196,3063,73781.24185982272,19700987,19700987,21000000,70269.4652547696,26274251165,1384377821481,1354258651,0.9978,1.0074,1.0816,1.0529,2.5776
Bitcoin,5618,196,3063,73781.24185982272,19700987,19700987,21000000,70261.28751719589,26263338892,1384216711979,1355619166,0.9977,1.0072,1.0815,1.0528,2.5773
Bitcoin,5618,196,3063,73781.24185982272,19700987,19700987,21000000,70265.9213453823,26259247361,1384308002968,1356170131,0.9978,1.0073,1.0815,1.0529,2.5774
Bitcoin,5618,196,3063,73781.24185982272,19700987,19700987,21000000,70269.00968767217,26254798816,1384368846359,1355896727,0.9978,1.0074,1.0816,1.0529,2.5775
Bitcoin,5618,196,3063,73781.24185982272,19700987,19700987,21000000,70271.85009732915,26255989172,1384424805233,1374242294,0.9979,1.0074,1.0816,1.053,2.5776
Bitcoin,5618,196,3063,73781.24185982272,19700987,19700987,21000000,70273.63745104868,26249509489,1384460017865,1364189624,0.9979,1.0074,1.0817,1.053,2.5777
Bitcoin,5618,196,3063,73781.24185982272,19700987,19700987,21000000,70273.62320520633,26244813530,1384459737208,1362232243,0.9979,1.0074,1.0817,1.053,2.5777
Bitcoin,5618,196,3063,73781.24185982272,19700987,19700987,21000000,70268.78622593713,26239699149,1384364443942,1362057113,0.9978,1.0074,1.0816,1.0529,2.5775
Bitcoin,5618,196,3063,73781.24185982272,19700987,19700987,21000000,70268.09433185686,26256323579,1384350812946,1364063733,0.9978,1.0073,1.0816,1.0529,2.5775
Bitcoin,5618,196,3063,73781.24185982272,19700987,19700987,21000000,70265.79380071937,26250115783,1384305490212,1364357192,0.9978,1.0073,1.0815,1.0529,2.5774
Bitcoin,5618,196,3063,73781.24185982272,19700987,19700987,21000000,70274.71351591301,26250799524,1384481217405,1362920185,0.9979,1.0074,1.0817,1.053,2.5777
Bitcoin,5618,196,3063,73781.24185982272,19700987,19700987,21000000,70277.32956449199,26246729278,1384532756144,1363120984,0.998,1.0075,1.0817,1.0531,2.5778
Bitcoin,5618,196,3063,73781.24185982272,19700987,19700987,21000000,70288.6320167082,26249672649,1384755425608,1362943654,0.9981,1.0076,1.0819,1.0532,2.5783
Bitcoin,5618,196,3063,73781.24185982272,19700987,19700987,21000000,70288.31503152217,26247881153,1384749180687,1364348285,0.9989,1.0063,1.0819,1.0535,2.5782
Bitcoin,5618,196,3063,73781.24185982272,19700987,19700987,21000000,70288.04605768494,26249999788,1384743881637,1368167748,0.9989,1.0063,1.0819,1.0535,2.5782
Bitcoin,5618,196,3063,73781.24185982272,19700987,19700987,21000000,70280.8976235815,26236618298,1384603050430,1351381446,0.9988,1.0062,1.0818,1.0534,2.578
Bitcoin,5618,196,3063,73781.24185982272,19700987,19700987,21000000,70274.92281453949,26228378735,1384485340795,1353922330,0.9987,1.0062,1.0817,1.0533,2.5778
Bitcoin,5618,196,3063,73781.24185982272,19700987,19700987,21000000,70257.39639282213,26217361065,1384140052988,1356050313,0.9985,1.0059,1.0814,1.0531,2.5771
Bitcoin,5618,196,3063,73781.24185982272,19700987,19700987,21000000,70177.49787419756,26183012995,1382565973312,1353116670,0.9973,1.0048,1.0802,1.0519,2.5742
Bitcoin,5618,196,3063,73781.24185982272,19700987,19700987,21000000,70164.49277677893,26176168476,1382309760056,1347170964,0.9972,1.0046,1.08,1.0517,2.5737
Bitcoin,5618,196,3063,73781.24185982272,19700987,19700987,21000000,70035.953101508,26139191141,1379777401585,1343035103,0.9953,1.0027,1.078,1.0497,2.569
Bitcoin,5618,196,3063,73781.24185982272,19700987,19700987,21000000,70014.57140500515,26165865476,1379356161060,1343097984,0.995,1.0024,1.0777,1.0494,2.5682
Bitcoin,5618,196,3063,73781.24185982272,19700987,19700987,21000000,70012.37781076563,26166468319,1379312945088,1347405696,0.995,1.0024,1.0777,1.0494,2.5681
Bitcoin,5618,196,3063,73781.24185982272,19700987,19700987,21000000,70005.70871577795,26156640972,1379181557335,1353734379,0.9949,1.0023,1.0776,1.0493,2.5679
Bitcoin,5618,196,3063,73781.24185982272,19700987,19700987,21000000,69999.29985180657,26150658061,1379055296389,1355952514,0.9948,1.0022,1.0775,1.0492,2.5676
Bitcoin,5618,196,3063,73781.24185982272,19700987,19700987,21000000,69999.29984282082,26148382258,1379055296212,1355389967,0.9948,1.0022,1.0775,1.0492,2.5676
Bitcoin,5618,196,3063,73781.24185982272,19700987,19700987,21000000,69993.68639296928,26145870010,1378944705709,1354896112,0.9947,1.0021,1.0774,1.0491,2.5674
Bitcoin,5618,196,3063,73781.24185982272,19700987,19700987,21000000,69978.0723936799,26144821601,1378637094512,1342934528,0.9945,1.0019,1.0771,1.0489,2.5669
Bitcoin,5618,196,3063,73781.24185982272,19700987,19700987,21000000,69973.85386737304,26137950455,1378553985381,1340874055,0.9959,1.0036,1.0762,1.0487,2.5684
Bitcoin,5618,196,3063,73781.24185982272,19700987,19700987,21000000,69914.76132764746,26125134314,1377389804024,1341735656,0.9951,1.0027,1.0753,1.0478,2.5662
Bitcoin,5618,196,3063,73781.24185982272,19700987,19700987,21000000,69913.97201405744,26117976436,1377374253767,1343452378,0.995,1.0027,1.0753,1.0478,2.5662
Bitcoin,5618,196,3063,73781.24185982272,19700987,19700987,21000000,69897.01110335065,26121866700,1377040107085,1333479407,0.9948,1.0024,1.0751,1.0475,2.5655
Bitcoin,5618,196,3063,73781.24185982272,19700987,19700987,21000000,69890.39964357058,26129859533,1376909854802,1330401183,0.9947,1.0024,1.075,1.0474,2.5653
Bitcoin,5618,196,3063,73781.24185982272,19700987,19700987,21000000,69890.39964357058,26129859533,1376909854802,1330401183,0.9947,1.0024,1.075,1.0474,2.5653
Bitcoin,5618,196,3063,73781.24185982272,19700987,19700987,21000000,69873.96078125377,26121697211,1376585992989,1334283603,0.9945,1.0021,1.0747,1.0472,2.5647
Bitcoin,5618,196,3063,73781.24185982272,19700987,19700987,21000000,69841.80985811887,26117885104,1375952588071,1335213318,0.994,1.0017,1.0742,1.0467,2.5635
Bitcoin,5618,196,3063,73781.24185982272,19700987,19700987,21000000,69841.80985811887,26117885104,1375952588071,1335213318,0.994,1.0017,1.0742,1.0467,2.5635
Bitcoin,5618,196,3063,73781.24185982272,19700987,19700987,21000000,69746.99339919422,26143842246,1374084610246,1309440206,0.9927,1.0003,1.0727,1.0453,2.56
Bitcoin,5618,196,3063,73781.24185982272,19700987,19700987,21000000,69755.3635601192,26162719615,1374249510678,1303461268,0.9928,1.0004,1.0729,1.0454,2.5603
Bitcoin,5618,196,3063,73781.24185982272,19700987,19700987,21000000,69776.6878552005,26166373618,1374669620338,1315459287,0.9934,1.0008,1.0723,1.0441,2.5611
Bitcoin,5618,196,3063,73781.24185982272,19700987,19700987,21000000,69773.58878098999,26171427094,1374608565517,1319260787,0.9933,1.0007,1.0722,1.044,2.561
Bitcoin,5618,196,3063,73781.24185982272,19700987,19700987,21000000,69773.91569173704,26167898242,1374615005982,1320905309,0.9933,1.0007,1.0723,1.044,2.561
Bitcoin,5618,196,3064,73781.24185982272,19700987,19700987,21000000,69775.62810125023,26169251020,1374648742139,1264444682,0.9934,1.0008,1.0723,1.0441,2.5611
Bitcoin,5618,196,3064,73781.24185982272,19700987,19700987,21000000,69808.25465754635,26180762290,1375291517501,1257020135,0.9938,1.0012,1.0728,1.0445,2.5623
Bitcoin,5618,196,3064,73781.24185982272,19700987,19700987,21000000,69810.09506872701,26179117452,1375327775417,1256308009,0.9939,1.0013,1.0728,1.0446,2.5624
Bitcoin,5618,196,3064,73781.24185982272,19700987,19700987,21000000,69864.3877984508,26198281538,1376397395780,1300782019,0.9946,1.002,1.0736,1.0454,2.5643
Bitcoin,5618,196,3064,73781.24185982272,19700987,19700987,21000000,69872.963878814,26197213054,1376566353027,1309395385,0.9948,1.0022,1.0738,1.0455,2.5647
Bitcoin,5618,196,3064,73781.24185982272,19700987,19700987,21000000,69867.69701111622,26191525595,1376462590535,1319663647,0.9947,1.0021,1.0737,1.0454,2.5645
Bitcoin,5618,196,3064,73781.24185982272,19700987,19700987,21000000,69860.6629739793,26186119213,1376324013061,1324710413,0.9946,1.002,1.0736,1.0453,2.5642
Bitcoin,5618,196,3064,73781.24185982272,19700987,19700987,21000000,69844.38498061798,26210433363,1376003320526,1335613263,0.9943,1.0018,1.0733,1.0451,2.5636
Bitcoin,5618,196,3064,73781.24185982272,19700987,19700987,21000000,69848.08310509588,26208221966,1376076177228,1329873653,0.9944,1.0018,1.0734,1.0451,2.5637
Bitcoin,5618,196,3064,73781.24185982272,19700987,19700987,21000000,69837.43354320027,26203399999,1375866370347,1330588517,0.9942,1.0017,1.0732,1.045,2.5634
Bitcoin,5618,196,3064,73781.24185982272,19700987,19700987,21000000,69837.43353007508,26200965709,1375866370089,1331854984,0.9942,1.0017,1.0732,1.045,2.5634
Bitcoin,5618,196,3064,73781.24185982272,19700987,19700987,21000000,69837.43353007508,26200965709,1375866370089,1331854984,0.9942,1.0017,1.0732,1.045,2.5634
Bitcoin,5618,196,3064,73781.24185982272,19700987,19700987,21000000,69837.43353007508,26200965709,1375866370089,1331854984,0.9942,1.0017,1.0732,1.045,2.5634
Bitcoin,5618,196,3064,73781.24185982272,19700987,19700987,21000000,69841.03109116592,26191350895,1375937245593,1331473024,0.9939,1.0018,1.0751,1.0458,2.5632
Bitcoin,5618,196,3064,73781.24185982272,19700987,19700987,21000000,69841.03109116592,26191350895,1375937245593,1331473024,0.9939,1.0018,1.0751,1.0458,2.5632
Bitcoin,5618,196,3064,73781.24185982272,19700987,19700987,21000000,69854.40593764895,26204661838,1376200743270,1334499419,0.9941,1.002,1.0753,1.046,2.5637
Bitcoin,5618,196,3063,73781.24185982272,19700987,19700987,21000000,69889.67403210083,26211698532,1376895559540,1333405457,0.9946,1.0025,1.0759,1.0465,2.565
Bitcoin,5618,196,3063,73781.24185982272,19700987,19700987,21000000,69903.90941640624,26216788519,1377176010661,1330920110,0.9948,1.0027,1.0761,1.0467,2.5655
Bitcoin,5618,196,3063,73781.24185982272,19700987,19700987,21000000,69901.3338191071,26223171947,1377125268852,1337907496,0.9948,1.0027,1.076,1.0467,2.5654
Bitcoin,5618,196,3064,73781.24185982272,19700987,19700987,21000000,69902.12619365405,26223132848,1377140879413,1377203852,0.9948,1.0027,1.0761,1.0467,2.5655
Bitcoin,5618,196,3064,73781.24185982272,19700987,19700987,21000000,69903.96693785625,26215636788,1377177143891,1375305309,0.9948,1.0027,1.0761,1.0467,2.5655
Bitcoin,5618,196,3064,73781.24185982272,19700987,19700987,21000000,69906.07357086359,26217045226,1377218646640,1376743114,0.9949,1.0028,1.0761,1.0468,2.5656
Bitcoin,5618,196,3064,73781.24185982272,19700987,19700987,21000000,69903.69398256287,26212727539,1377171766402,1377289078,0.9948,1.0027,1.0761,1.0467,2.5655
Bitcoin,5618,196,3064,73781.24185982272,19700987,19700987,21000000,69898.92950985169,26209831568,1377077901587,1378752454,0.9948,1.0027,1.076,1.0467,2.5653
Bitcoin,5618,196,3064,73781.24185982272,19700987,19700987,21000000,69857.69179080108,26200312365,1376265477820,1377773839,0.9942,1.0021,1.0754,1.046,2.5638
Bitcoin,5618,196,3064,73781.24185982272,19700987,19700987,21000000,69856.29173868186,26195942093,1376237895411,1370306197,0.9942,1.0021,1.0753,1.046,2.5638
Bitcoin,5618,196,3063,73781.24185982272,19700987,19700987,21000000,69855.8712240009,26192764009,1376229610857,1371153468,0.9942,1.002,1.0753,1.046,2.5638
Bitcoin,5618,196,3063,73781.24185982272,19700987,19700987,21000000,69852.32632139938,26189071219,1376159772777,1371613154,0.994,1.0016,1.0739,1.0448,2.5636
Bitcoin,5618,196,3063,73781.24185982272,19700987,19700987,21000000,69852.207301254,26186464500,1376157427963,1366696299,0.994,1.0016,1.0739,1.0448,2.5636
Bitcoin,5618,196,3063,73781.24185982272,19700987,19700987,21000000,69852.14030370484,26181987303,1376156108045,1367224762,0.994,1.0016,1.0739,1.0448,2.5636
Bitcoin,5618,196,3063,73781.24185982272,19700987,19700987,21000000,69868.41529296256,26188212797,1376476741397,1375760547,0.9943,1.0019,1.0742,1.045,2.5642
Bitcoin,5618,196,3063,73781.24185982272,19700987,19700987,21000000,69867.29527798465,26211141959,1376454675996,1382248756,0.9943,1.0018,1.0742,1.045,2.5642
Bitcoin,5618,196,3063,73781.24185982272,19700987,19700987,21000000,69872.96545676788,26208629227,1376566384115,1378573656,0.9943,1.0019,1.0743,1.0451,2.5644
Bitcoin,5618,196,3063,73781.24185982272,19700987,19700987,21000000,69871.03732362133,26209358696,1376528397989,1380914966,0.9943,1.0019,1.0742,1.0451,2.5643
Bitcoin,5618,196,3063,73781.24185982272,19700987,19700987,21000000,69869.98593338001,26204328214,1376507684563,1372718508,0.9943,1.0019,1.0742,1.0451,2.5643
Bitcoin,5618,196,3063,73781.24185982272,19700987,19700987,21000000,69848.92075258576,26194709485,1376092679710,1371856964,0.994,1.0016,1.0739,1.0448,2.5635
Bitcoin,5618,196,3063,73781.24185982272,19700987,19700987,21000000,69837.716364574,26192559624,1375871942208,1366915394,0.9938,1.0014,1.0737,1.0446,2.5631
Bitcoin,5618,196,3063,73781.24185982272,19700987,19700987,21000000,69832.85633812478,26188583557,1375776194890,1364359380,0.9938,1.0013,1.0736,1.0445,2.5629
Bitcoin,5618,196,3063,73781.24185982272,19700987,19700987,21000000,69832.85633812478,26188583557,1375776194890,1364359380,0.9938,1.0013,1.0736,1.0445,2.5629
Bitcoin,5618,196,3063,73781.24185982272,19700987,19700987,21000000,69840.32930570627,26191793842,1375923419727,1372297602,0.9939,1.0015,1.0738,1.0446,2.5632
Bitcoin,5618,196,3063,73781.24185982272,19700987,19700987,21000000,69849.00648853304,26201067897,1376094368793,1369765792,0.994,1.0002,1.0734,1.0473,2.5627
Bitcoin,5618,196,3063,73781.24185982272,19700987,19700987,21000000,69833.05287957459,26135722047,1375780066950,1364313852,0.9938,1.0,1.0731,1.0471,2.5621
Bitcoin,5618,196,3063,73781.24185982272,19700987,19700987,21000000,69823.40562325837,26132250742,1375590006479,1361288825,0.9936,0.9998,1.073,1.0469,2.5617
Bitcoin,5618,196,3063,73781.24185982272,19700987,19700987,21000000,69872.67316437351,26153299485,1376560625666,1363622054,0.9943,1.0005,1.0737,1.0477,2.5635
Bitcoin,5618,196,3063,73781.24185982272,19700987,19700987,21000000,69894.53679183045,26201696787,1376991360706,1342990344,0.9947,1.0008,1.0741,1.048,2.5643
Bitcoin,5618,196,3063,73781.24185982272,19700987,19700987,21000000,69894.52333406148,26199061173,1376991095575,1340979972,0.9947,1.0008,1.0741,1.048,2.5643
Bitcoin,5618,196,3062,73781.24185982272,19700987,19700987,21000000,69852.97100226505,26187604500,1376172473627,1342660491,0.9941,1.0002,1.0734,1.0474,2.5628
Bitcoin,5618,196,3062,73781.24185982272,19700987,19700987,21000000,69832.39893060132,26189253494,1375767183510,1346129351,0.9938,0.9999,1.0731,1.0471,2.5621
Bitcoin,5618,196,3062,73781.24185982272,19700987,19700987,21000000,69832.39890136852,26183444552,1375767182934,1346942390,0.9938,0.9999,1.0731,1.0471,2.5621
Bitcoin,5618,196,3062,73781.24185982272,19700987,19700987,21000000,69773.76711597366,26178000130,1374612078892,1328106503,0.9929,0.9991,1.0722,1.0462,2.5599
Bitcoin,5618,196,3062,73781.24185982272,19700987,19700987,21000000,69766.54904031179,26190643095,1374469875678,1315664692,0.9928,0.999,1.0721,1.0461,2.5596
Bitcoin,5618,196,3062,73781.24185982272,19700987,19700987,21000000,69652.91697222272,26157949430,1372231211781,1311982847,0.9912,0.9974,1.0704,1.0444,2.5555
Bitcoin,5618,196,3062,73781.24185982272,19700987,19700987,21000000,69655.95627417033,26158520852,1372291089029,1335005433,0.9913,0.9974,1.0704,1.0444,2.5556
Bitcoin,5618,196,3062,73781.24185982272,19700987,19700987,21000000,69655.95627417033,26158520852,1372291089029,1335005433,0.9913,0.9974,1.0704,1.0444,2.5556
Bitcoin,5618,196,3062,73781.24185982272,19700987,19700987,21000000,69694.83214276325,26186640553,1373056982011,1340684156,0.9918,0.998,1.071,1.045,2.557
Bitcoin,5618,196,3062,73781.24185982272,19700987,19700987,21000000,69704.59180766485,26193856323,1373249257043,1340840342,0.9929,0.9971,1.0729,1.0463,2.5574
Bitcoin,5618,196,3062,73781.24185982272,19700987,19700987,21000000,69708.41219317421,26199220426,1373324522408,1350407143,0.9929,0.9972,1.073,1.0464,2.5576
Bitcoin,5618,196,3062,73781.24185982272,19700987,19700987,21000000,69719.01306447347,26211948431,1373533370036,1353685733,0.9931,0.9973,1.0731,1.0466,2.5579
Bitcoin,5618,196,3062,73781.24185982272,19700987,19700987,21000000,69705.72785517285,26270096992,1373271638300,1340602865,0.9929,0.9971,1.0729,1.0464,2.5575
Bitcoin,5618,196,3062,73781.24185982272,19700987,19700987,21000000,69705.75131740794,26269700736,1373272100529,1341807455,0.9929,0.9971,1.0729,1.0464,2.5575
Bitcoin,5618,196,3062,73781.24185982272,19700987,19700987,21000000,69673.97283471479,26258471328,1372646033055,1333751080,0.9924,0.9967,1.0724,1.0459,2.5563
Bitcoin,5618,196,3062,73781.24185982272,19700987,19700987,21000000,69667.63911650048,26260927116,1372521252554,1359576176,0.9924,0.9966,1.0723,1.0458,2.5561
Bitcoin,5618,196,3062,73781.24185982272,19700987,19700987,21000000,69667.63483257034,26255125723,1372521168157,1361935900,0.9924,0.9966,1.0723,1.0458,2.5561
Bitcoin,5618,196,3061,73781.24185982272,19700987,19700987,21000000,69670.15380370003,26262192599,1372570794374,1357755709,0.9924,0.9966,1.0724,1.0458,2.5561
Bitcoin,5618,196,3061,73781.24185982272,19700987,19700987,21000000,69671.7507732384,26265485684,1372602256250,1342539563,0.9924,0.9966,1.0724,1.0459,2.5562
Bitcoin,5618,196,3061,73781.24185982272,19700987,19700987,21000000,69671.7507732384,26265485684,1372602256250,1342539563,0.9924,0.9966,1.0724,1.0459,2.5562
Bitcoin,5618,196,3061,73781.24185982272,19700987,19700987,21000000,69683.49197224749,26268402167,1372833569459,1356816687,0.9926,0.9968,1.0726,1.046,2.5566
Bitcoin,5618,196,3061,73781.24185982272,19700987,19700987,21000000,69684.82428406307,26262394805,1372859817317,1367205981,0.9932,0.9969,1.0723,1.044,2.5568
Bitcoin,5618,196,3061,73781.24185982272,19700987,19700987,21000000,69677.51823299205,26262214525,1372715880900,1368553624,0.9931,0.9968,1.0721,1.0438,2.5565
Bitcoin,5618,196,3060,73781.24185982272,19700987,19700987,21000000,69675.70685103272,26260547671,1372680194888,1368499894,0.9931,0.9968,1.0721,1.0438,2.5564
Bitcoin,5618,196,3060,73781.24185982272,19700987,19700987,21000000,69675.6598336547,26259007426,1372679268599,1370067183,0.9931,0.9968,1.0721,1.0438,2.5564
Bitcoin,5618,196,3060,73781.24185982272,19700987,19700987,21000000,69701.81071742663,26270502057,1373194466820,1370415810,0.9935,0.9972,1.0725,1.0442,2.5574
Bitcoin,5618,196,3060,73781.24185982272,19700987,19700987,21000000,69702.22989354328,26310670454,1373202725003,1369861541,0.9935,0.9972,1.0725,1.0442,2.5574
Bitcoin,5618,196,3060,73781.24185982272,19700987,19700987,21000000,69702.22699065765,26308506944,1373202667813,1368816882,0.9935,0.9972,1.0725,1.0442,2.5574
Bitcoin,5618,196,3060,73781.24185982272,19700987,19700987,21000000,69689.20949645205,26307218088,1372946210329,1336728356,0.9933,0.997,1.0723,1.044,2.5569
Bitcoin,5618,196,3060,73781.24185982272,19700987,19700987,21000000,69689.26716994193,26298986904,1372947346554,1339940425,0.9933,0.997,1.0723,1.044,2.5569
Bitcoin,5618,196,3060,73781.24185982272,19700987,19700987,21000000,69689.67125859087,26304356409,1372955307499,1344885541,0.9933,0.997,1.0723,1.044,2.5569
Bitcoin,5618,196,3060,73781.24185982272,19700987,19700987,21000000,69704.45473604636,26318669613,1373246556596,1330472157,0.9935,0.9972,1.0726,1.0442,2.5575
Bitcoin,5618,196,3060,73781.24185982272,19700987,19700987,21000000,69705.40940964849,26318897076,1373265364609,1331479787,0.9935,0.9972,1.0726,1.0443,2.5575
Bitcoin,5618,196,3060,73781.24185982272,19700987,19700987,21000000,69705.4109103636,26315202439,1373265394174,1331184666,0.9935,0.9972,1.0726,1.0443,2.5575
Bitcoin,5618,196,3060,73781.24185982272,19700987,19700987,21000000,69699.01724964137,26314327724,1373139432747,1331652552,0.9934,0.9971,1.0725,1.0442,2.5573
Bitcoin,5618,196,3060,73781.24185982272,19700987,19700987,21000000,69700.04767723219,26313584499,1373159733188,1331304155,0.9934,0.9971,1.0725,1.0442,2.5573
Bitcoin,5618,196,3060,73781.24185982272,19700987,19700987,21000000,69700.04736345402,26309480028,1373159727006,1325387037,0.9934,0.9971,1.0725,1.0442,2.5573
Bitcoin,5618,196,3060,73781.24185982272,19700987,19700987,21000000,69718.52249958567,26314954931,1373523705423,1325200130,0.9938,1.0002,1.0708,1.0454,2.558
Bitcoin,5618,196,3060,73781.24185982272,19700987,19700987,21000000,69718.51354542431,26314658959,1373523529017,1325277488,0.9938,1.0002,1.0708,1.0454,2.558
Bitcoin,5618,196,3060,73781.24185982272,19700987,19700987,21000000,69678.8963436111,26314700917,1372743031039,1316271949,0.9932,0.9996,1.0702,1.0448,2.5566
Bitcoin,5618,196,3060,73781.24185982272,19700987,19700987,21000000,69669.43557241154,26354722237,1372556644509,1315260952,0.9931,0.9995,1.07,1.0446,2.5562
Bitcoin,5618,196,3060,73781.24185982272,19700987,19700987,21000000,69669.6561404264,26355569285,1372560989917,1324070133,0.9931,0.9995,1.07,1.0446,2.5562
Bitcoin,5618,196,3060,73781.24185982272,19700987,19700987,21000000,69606.44394355011,26334758602,1371315647248,1324239999,0.9922,0.9986,1.069,1.0437,2.5539
Bitcoin,5618,196,3060,73781.24185982272,19700987,19700987,21000000,69603.9741740222,26340184146,1371266990350,1319411648,0.9922,0.9985,1.069,1.0436,2.5538
Bitcoin,5618,196,3060,73781.24185982272,19700987,19700987,21000000,69617.7365088324,26346338781,1371538121929,1319444641,0.9924,0.9987,1.0692,1.0438,2.5543
Bitcoin,5618,196,3060,73781.24185982272,19700987,19700987,21000000,69617.66183937447,26345069210,1371536650867,1317567283,0.9924,0.9987,1.0692,1.0438,2.5543
Bitcoin,5618,196,3060,73781.24185982272,19700987,19700987,21000000,69617.56631104289,26343813132,1371534768865,1322151457,0.9924,0.9987,1.0692,1.0438,2.5543
Bitcoin,5618,196,3060,73781.24185982272,19700987,19700987,21000000,69611.85557811847,26343697550,1371422261790,1321757995,0.9923,0.9986,1.0691,1.0438,2.5541
Bitcoin,5618,196,3060,73781.24185982272,19700987,19700987,21000000,69602.81472673037,26343157152,1371244148094,1322317117,0.9922,0.9985,1.069,1.0436,2.5538
Bitcoin,5618,196,3060,73781.24185982272,19700987,19700987,21000000,69602.81472673037,26343157152,1371244148094,1322317117,0.9922,0.9985,1.069,1.0436,2.5538
Bitcoin,5618,196,3059,73781.24185982272,19700987,19700987,21000000,69606.41457322486,26347227946,1371315068623,1293814115,0.9884,0.9995,1.0671,1.0441,2.556
Bitcoin,5618,196,3059,73781.24185982272,19700987,19700987,21000000,69605.78568915011,26348819086,1371302678986,1291027428,0.9884,0.9995,1.0671,1.0441,2.556
Bitcoin,5618,196,3059,73781.24185982272,19700987,19700987,21000000,69605.51354172736,26343430218,1371297317413,1305224863,0.9884,0.9995,1.0671,1.0441,2.556
Bitcoin,5618,196,3059,73781.24185982272,19700987,19700987,21000000,69557.67806578107,26337428772,1370354911324,1309469370,0.9877,0.9988,1.0664,1.0434,2.5542
Bitcoin,5618,196,3059,73781.24185982272,19700987,19700987,21000000,69557.67806133784,26334272307,1370354911236,1294596702,0.9877,0.9988,1.0664,1.0434,2.5542
Bitcoin,5618,196,3059,73781.24185982272,19700987,19700987,21000000,69532.58951654141,26403213039,1369860642141,1290924393,0.9873,0.9985,1.066,1.043,2.5533
Bitcoin,5618,196,3059,73781.24185982272,19700987,19700987,21000000,69384.15204215492,26357672557,1366936277388,1309809536,0.9852,0.9963,1.0637,1.0408,2.5478
Bitcoin,5618,196,3059,73781.24185982272,19700987,19700987,21000000,69378.53485744816,26379604656,1366825613305,1316458417,0.9851,0.9962,1.0636,1.0407,2.5476
Bitcoin,5618,196,3059,73781.24185982272,19700987,19700987,21000000,69378.53419459172,26382558166,1366825600246,1297139454,0.9851,0.9962,1.0636,1.0407,2.5476
Bitcoin,5618,196,3059,73781.24185982272,19700987,19700987,21000000,69397.4846239696,26407932699,1367198942409,1285406920,0.9854,0.9965,1.0639,1.041,2.5483
Bitcoin,5618,196,3059,73781.24185982272,19700987,19700987,21000000,69394.38654412764,26409712786,1367137907178,1313801117,0.9854,0.9965,1.0639,1.041,2.5482
Bitcoin,5618,196,3061,73781.24185982272,19700987,19700987,21000000,69440.39760498558,26436360945,1368044370490,1322992568,0.986,0.9971,1.0646,1.0417,2.5499
Bitcoin,5618,196,3061,73781.24185982272,19700987,19700987,21000000,69448.63409129095,26443994797,1368206637400,1315819913,0.9861,0.9973,1.0647,1.0418,2.5502
Bitcoin,5618,196,3061,73781.24185982272,19700987,19700987,21000000,69448.14751895933,26439517866,1368197051445,1297094554,0.9861,0.9972,1.0647,1.0418,2.5502
Bitcoin,5618,196,3061,73781.24185982272,19700987,19700987,21000000,69487.7392034256,26458790623,1368977046706,1289568360,0.9867,0.9978,1.0653,1.0424,2.5516
Bitcoin,5618,196,3061,73781.24185982272,19700987,19700987,21000000,69489.48745533299,26458893428,1369011488994,1289894866,0.9884,0.9991,1.0648,1.0427,2.5517
Bitcoin,5618,196,3061,73781.24185982272,19700987,19700987,21000000,69489.48745378377,26453546189,1369011488963,1284970827,0.9884,0.9991,1.0648,1.0427,2.5517
Bitcoin,5618,196,3061,73781.24185982272,19700987,19700987,21000000,69502.07303945257,26462128880,1369259437423,1297245381,0.9886,0.9993,1.065,1.0429,2.5522
Bitcoin,5618,196,3061,73781.24185982272,19700987,19700987,21000000,69505.88566478949,26511469912,1369334549905,1301738228,0.9887,0.9993,1.065,1.043,2.5523
Bitcoin,5618,196,3061,73781.24185982272,19700987,19700987,21000000,69505.92549396724,26510307920,1369335334579,1316828649,0.9887,0.9993,1.065,1.043,2.5523
Bitcoin,5618,196,3062,73781.24185982272,19700987,19700987,21000000,69490.97353046437,26508593487,1369040766141,1319541652,0.9884,0.9991,1.0648,1.0428,2.5518
Bitcoin,5618,196,3062,73781.24185982272,19700987,19700987,21000000,69490.97476849846,26509180547,1369040790531,1319765226,0.9884,0.9991,1.0648,1.0428,2.5518
Bitcoin,5618,196,3062,73781.24185982272,19700987,19700987,21000000,69491.85284014851,26507631737,1369058089409,1317622182,0.9885,0.9991,1.0648,1.0428,2.5518
Bitcoin,5618,196,3062,73781.24185982272,19700987,19700987,21000000,69514.53558605805,26520826515,1369504961891,1325461622,0.9888,0.9995,1.0652,1.0431,2.5526
Bitcoin,5618,196,3062,73781.24185982272,19700987,19700987,21000000,69511.81165536307,26517928166,1369451297768,1324874226,0.9887,0.9994,1.0651,1.0431,2.5525
Bitcoin,5618,196,3062,73781.24185982272,19700987,19700987,21000000,69500.4915820466,26513918357,1369228281151,1322413881,0.9886,0.9993,1.0649,1.0429,2.5521
Bitcoin,5618,196,3062,73781.24185982272,19700987,19700987,21000000,69495.10818719203,26531321297,1369122222959,1320042950,0.9885,0.9992,1.0649,1.0428,2.5519
Bitcoin,5618,196,3061,73781.24185982272,19700987,19700987,21000000,69495.1217421869,26526949251,1369122490006,1323630104,0.9889,0.998,1.0635,1.0434,2.556
Bitcoin,5618,196,3061,73781.24185982272,19700987,19700987,21000000,69478.05228029714,26520869506,1368786204759,1325647920,0.9887,0.9978,1.0632,1.0432,2.5553
Bitcoin,5618,196,3061,73781.24185982272,19700987,19700987,21000000,69477.6416726243,26520960036,1368778115383,1326867895,0.9887,0.9978,1.0632,1.0432,2.5553
Bitcoin,5618,196,3061,73781.24185982272,19700987,19700987,21000000,69479.70301004969,26521957948,1368818725764,1303248144,0.9887,0.9978,1.0632,1.0432,2.5554
Bitcoin,5618,196,3061,73781.24185982272,19700987,19700987,21000000,69499.46282322508,26532736698,1369208013587,1302820526,0.989,0.9981,1.0635,1.0435,2.5561
Bitcoin,5618,196,3061,73781.24185982272,19700987,19700987,21000000,69498.60264249105,26566918174,1369191067177,1306430159,0.989,0.9981,1.0635,1.0435,2.5561
Bitcoin,5618,196,3061,73781.24185982272,19700987,19700987,21000000,69501.0217833563,26561102425,1369238726640,1320940400,0.989,0.9981,1.0636,1.0435,2.5562
Bitcoin,5618,196,3061,73781.24185982272,19700987,19700987,21000000,69502.38263456605,26561519017,1369265536752,1328079281,0.989,0.9981,1.0636,1.0435,2.5562
Bitcoin,5618,196,3061,73781.24185982272,19700987,19700987,21000000,69504.03936936296,26558546230,1369298176063,1325354640,0.989,0.9982,1.0636,1.0436,2.5563
Bitcoin,5618,196,3061,73781.24185982272,19700987,19700987,21000000,69505.55312788743,26554391718,1369327998600,1334837683,0.9891,0.9982,1.0636,1.0436,2.5564
Bitcoin,5618,196,3061,73781.24185982272,19700987,19700987,21000000,69509.0729757418,26555461969,1369397343077,1339724010,0.9891,0.9982,1.0637,1.0436,2.5565
Bitcoin,5618,196,3061,73781.24185982272,19700987,19700987,21000000,69515.2261749519,26554683356,1369518567174,1348817078,0.9892,0.9983,1.0638,1.0437,2.5567
Bitcoin,5618,196,3062,73781.24185982272,19700987,19700987,21000000,69537.52918187759,26555905770,1369957958424,1348755642,0.9895,0.9986,1.0641,1.0441,2.5575
Bitcoin,5618,196,3062,73781.24185982272,19700987,19700987,21000000,69539.33065024223,26554720484,1369993449129,1351020199,0.9895,0.9987,1.0642,1.0441,2.5576
Bitcoin,5618,196,3062,73781.24185982272,19700987,19700987,21000000,69538.72903729361,26550801085,1369981596760,1354421687,0.9895,0.9987,1.0641,1.0441,2.5576
Bitcoin,5618,196,3062,73781.24185982272,19700987,19700987,21000000,69541.68709549177,26550029864,1370039873426,1350760049,0.9895,0.9971,1.064,1.0443,2.5577
Bitcoin,5618,196,3062,73781.24185982272,19700987,19700987,21000000,69546.05908588906,26551428820,1370126005952,1364045354,0.9895,0.9972,1.0641,1.0443,2.5578
Bitcoin,5618,196,3062,73781.24185982272,19700987,19700987,21000000,69526.19698712607,26566313248,1369734703002,1369652354,0.9893,0.9969,1.0638,1.044,2.5571
Bitcoin,5618,196,3062,73781.24185982272,19700987,19700987,21000000,69499.81317710622,26557186694,1369214915904,1364790519,0.9889,0.9965,1.0634,1.0436,2.5561
Bitcoin,5618,196,3062,73781.24185982272,19700987,19700987,21000000,69462.33578560568,26549744383,1368476574301,1350353746,0.9884,0.996,1.0628,1.0431,2.5548
Bitcoin,5618,196,3062,73781.24185982272,19700987,19700987,21000000,69445.84757702451,26555088869,1368151740318,1337589850,0.9881,0.9957,1.0626,1.0428,2.5542
Bitcoin,5618,196,3062,73781.24185982272,19700987,19700987,21000000,69377.58087962081,26534674547,1366806819000,1321177267,0.9871,0.9948,1.0615,1.0418,2.5517
Bitcoin,5618,196,3062,73781.24185982272,19700987,19700987,21000000,69416.07668867458,26571569932,1367565224434,1316881111,0.9877,0.9953,1.0621,1.0424,2.5531
Bitcoin,5618,196,3062,73781.24185982272,19700987,19700987,21000000,69416.89336610958,26569503981,1367581313786,1330211211,0.9877,0.9953,1.0621,1.0424,2.5531
Bitcoin,5618,196,3061,73781.24185982272,19700987,19700987,21000000,69456.45549710713,26614952497,1368360726814,1337703886,0.9883,0.9959,1.0627,1.043,2.5546
Bitcoin,5618,196,3061,73781.24185982272,19700987,19700987,21000000,69456.45549710713,26614952497,1368360726814,1337703886,0.9883,0.9959,1.0627,1.043,2.5546
Bitcoin,5618,196,3061,73781.24185982272,19700987,19700987,21000000,69454.10528936383,26619924377,1368314425402,1341917387,0.9882,0.9959,1.0627,1.0429,2.5545
Bitcoin,5618,196,3061,73781.24185982272,19700987,19700987,21000000,69446.79398814362,26629594781,1368170385552,1338899051,0.9881,0.9958,1.0626,1.0428,2.5542
Bitcoin,5618,196,3061,73781.24185982272,19700987,19700987,21000000,69458.7084411977,26646299405,1368405112036,1327655981,0.9922,0.9964,1.0628,1.0437,2.5528
Bitcoin,5618,196,3061,73781.24185982272,19700987,19700987,21000000,69458.7084411977,26646299405,1368405112036,1327655981,0.9922,0.9964,1.0628,1.0437,2.5528
Bitcoin,5618,196,3061,73781.24185982272,19700987,19700987,21000000,69458.7084411977,26646299405,1368405112036,1327655981,0.9922,0.9964,1.0628,1.0437,2.5528
Bitcoin,5618,196,3061,73781.24185982272,19700987,19700987,21000000,69453.24884766953,26768672759,1368297552655,1335308113,0.9921,0.9963,1.0627,1.0436,2.5526
Bitcoin,5618,196,3061,73781.24185982272,19700987,19700987,21000000,69476.49070525367,26782960758,1368755440189,1322876617,0.9925,0.9967,1.0631,1.044,2.5535
Bitcoin,5618,196,3061,73781.24185982272,19700987,19700987,21000000,69500.80215747599,26817911977,1369234399794,1323011415,0.9928,0.997,1.0634,1.0444,2.5543
Bitcoin,5618,196,3061,73781.24185982272,19700987,19700987,21000000,69500.80002204262,26818002877,1369234357723,1323722159,0.9928,0.997,1.0634,1.0444,2.5543
Bitcoin,5618,196,3061,73781.24185982272,19700987,19700987,21000000,69519.5786956234,26833184404,1369604316127,1341291475,0.9931,0.9973,1.0637,1.0446,2.555
Bitcoin,5618,196,3061,73781.24185982272,19700987,19700987,21000000,69521.23277559022,26843427619,1369636903135,1339832049,0.9931,0.9973,1.0637,1.0447,2.5551
Bitcoin,5618,196,3061,73781.24185982272,19700987,19700987,21000000,69521.22803665821,26838843678,1369636809774,1338994821,0.9931,0.9973,1.0637,1.0447,2.5551
Bitcoin,5618,196,3061,73781.24185982272,19700987,19700987,21000000,69514.49616944246,26840041860,1369504185345,1338803243,0.993,0.9972,1.0636,1.0446,2.5548
Bitcoin,5618,196,3061,73781.24185982272,19700987,19700987,21000000,69513.67681225996,26842383623,1369488043200,1343089446,0.993,0.9972,1.0636,1.0446,2.5548
Bitcoin,5618,196,3061,73781.24185982272,19700987,19700987,21000000,69513.60442821996,26840152594,1369486617163,1341416359,0.993,0.9972,1.0636,1.0446,2.5548
Bitcoin,5618,196,3060,73781.24185982272,19700987,19700987,21000000,69526.25178249084,26844333401,1369735782525,1339736133,0.9967,0.9972,1.0624,1.0452,2.5553
Bitcoin,5618,196,3060,73781.24185982272,19700987,19700987,21000000,69533.89852332397,26851468719,1369886430867,1340705379,0.9968,0.9973,1.0625,1.0453,2.5556
Bitcoin,5618,196,3060,73781.24185982272,19700987,19700987,21000000,69533.76988075498,26846608448,1369883896481,1329121197,0.9968,0.9973,1.0625,1.0453,2.5556
Bitcoin,5618,196,3060,73781.24185982272,19700987,19700987,21000000,69533.76988075498,26846608448,1369883896481,1329121197,0.9968,0.9973,1.0625,1.0453,2.5556
Bitcoin,5618,196,3060,73781.24185982272,19700987,19700987,21000000,69585.09731635092,26875486314,1370895097623,1323156665,0.9975,0.998,1.0633,1.046,2.5574
Bitcoin,5618,196,3060,73781.24185982272,19700987,19700987,21000000,69629.07100019461,26931330340,1371761422596,1323438937,0.9981,0.9987,1.064,1.0467,2.5591
Bitcoin,5618,196,3061,73781.24185982272,19700987,19700987,21000000,69638.74665376502,26939466942,1371952042522,1324917711,0.9983,0.9988,1.0641,1.0468,2.5594
Bitcoin,5618,196,3061,73781.24185982272,19700987,19700987,21000000,69653.57887351936,26948940563,1372244251890,1323896511,0.9985,0.999,1.0644,1.0471,2.56
Bitcoin,5618,196,3061,73781.24185982272,19700987,19700987,21000000,69702.73055060956,26971865142,1373212588442,1339056365,0.9992,0.9997,1.0651,1.0478,2.5618
Bitcoin,5618,196,3061,73781.24185982272,19700987,19700987,21000000,69706.64792861496,26979047848,1373289764655,1339234647,0.9993,0.9998,1.0652,1.0479,2.5619
Bitcoin,5618,196,3061,73781.24185982272,19700987,19700987,21000000,69706.27672922345,26987995136,1373282451660,1345464097,0.9992,0.9998,1.0652,1.0479,2.5619
Bitcoin,5618,196,3061,73781.24185982272,19700987,19700987,21000000,69713.30301172393,26985755181,1373420876361,1347913936,0.9993,0.9999,1.0653,1.048,2.5622
Bitcoin,5618,196,3061,73781.24185982272,19700987,19700987,21000000,69719.50539776542,26992368690,1373543069487,1352391541,0.9994,1.0,1.0654,1.0481,2.5624
Bitcoin,5618,196,3061,73781.24185982272,19700987,19700987,21000000,69719.50539776542,26992368690,1373543069487,1352391541,0.9994,1.0,1.0654,1.0481,2.5624
Bitcoin,5618,196,3061,73781.24185982272,19700987,19700987,21000000,69702.89845592948,26991940511,1373215896342,1354572677,0.998,1.0004,1.0679,1.0481,2.5619
Bitcoin,5618,196,3061,73781.24185982272,19700987,19700987,21000000,69701.06638234972,26984787475,1373179802684,1349456766,0.998,1.0004,1.0679,1.0481,2.5618
Bitcoin,5618,196,3061,73781.24185982272,19700987,19700987,21000000,69692.89938647188,26983163006,1373018904805,1346149385,0.9979,1.0002,1.0678,1.0479,2.5615
Bitcoin,5618,196,3061,73781.24185982272,19700987,19700987,21000000,69682.00447489032,26980629725,1372804264293,1340183633,0.9977,1.0001,1.0676,1.0478,2.5611
Bitcoin,5618,196,3061,73781.24185982272,19700987,19700987,21000000,69687.161287301,26986205844,1372905858588,1345461482,0.9978,1.0002,1.0677,1.0479,2.5613
Bitcoin,5618,196,3061,73781.24185982272,19700987,19700987,21000000,69687.51403099891,27017591769,1372912807987,1347484219,0.9978,1.0002,1.0677,1.0479,2.5613
Bitcoin,5618,196,3061,73781.24185982272,19700987,19700987,21000000,69678.84675214488,27016610664,1372742054038,1352885911,0.9977,1.0,1.0676,1.0477,2.561
Bitcoin,5618,196,3061,73781.24185982272,19700987,19700987,21000000,69677.01166904724,27015022876,1372705901090,1351637459,0.9977,1.0,1.0675,1.0477,2.5609
Bitcoin,5618,196,3062,73781.24185982272,19700987,19700987,21000000,69673.53492803444,27016772687,1372637405861,1356167526,0.9976,1.0,1.0675,1.0476,2.5608
Bitcoin,5618,196,3062,73781.24185982272,19700987,19700987,21000000,69645.82538300627,27012718174,1372091500474,1354792739,0.9972,0.9996,1.0671,1.0472,2.5598
Bitcoin,5618,196,3062,73781.24185982272,19700987,19700987,21000000,69645.29462973142,27015415965,1372081044111,1355642346,0.9972,0.9996,1.0671,1.0472,2.5598
Bitcoin,5618,196,3062,73781.24185982272,19700987,19700987,21000000,69645.29463174689,27013013586,1372081044151,1355581167,0.9972,0.9996,1.0671,1.0472,2.5598
Bitcoin,5618,196,3062,73781.24185982272,19700987,19700987,21000000,69646.64994128399,27028399523,1372107745086,1356751638,0.9972,0.9996,1.0671,1.0472,2.5598
Bitcoin,5618,196,3062,73781.24185982272,19700987,19700987,21000000,69646.66751919643,27025352368,1372108091389,1356809435,0.9972,0.9996,1.0671,1.0472,2.5598
Bitcoin,5618,196,3062,73781.24185982272,19700987,19700987,21000000,69670.26682498028,27031328143,1372573021005,1357128735,0.9976,0.9999,1.0674,1.0476,2.5607
Bitcoin,5618,196,3062,73781.24185982272,19700987,19700987,21000000,69675.66333149772,27037943412,1372679337510,1350112533,0.9974,0.9987,1.0664,1.0491,2.5609
Bitcoin,5618,196,3062,73781.24185982272,19700987,19700987,21000000,69675.61406679185,27032441511,1372678366946,1352442502,0.9974,0.9987,1.0664,1.0491,2.5609
Bitcoin,5618,196,3062,73781.24185982272,19700987,19700987,21000000,69675.61406679185,27032441511,1372678366946,1352442502,0.9974,0.9987,1.0664,1.0491,2.5609
Bitcoin,5618,196,3062,73781.24185982272,19700987,19700987,21000000,69670.79669845724,27030382509,1372583460035,1368791070,0.9973,0.9987,1.0664,1.049,2.5607
Bitcoin,5618,196,3062,73781.24185982272,19700987,19700987,21000000,69669.29299950402,27054814266,1372553835682,1367406248,0.9973,0.9986,1.0664,1.049,2.5606
Bitcoin,5618,196,3062,73781.24185982272,19700987,19700987,21000000,69653.95656563943,27052422733,1372251692798,1361645819,0.997,0.9984,1.0661,1.0488,2.5601
Bitcoin,5618,196,3062,73781.24185982272,19700987,19700987,21000000,69652.37773024711,27050982179,1372220588182,1365466743,0.997,0.9984,1.0661,1.0487,2.56
Bitcoin,5618,196,3062,73781.24185982272,19700987,19700987,21000000,69652.23194232442,27046984188,1372217716016,1366254637,0.997,0.9984,1.0661,1.0487,2.56
Bitcoin,5618,196,3062,73781.24185982272,19700987,19700987,21000000,69661.35483824628,27050300091,1372397446070,1369710551,0.9972,0.9985,1.0662,1.0489,2.5604
Bitcoin,5618,196,3062,73781.24185982272,19700987,19700987,21000000,69661.47011558825,27058527946,1372399717148,1374817010,0.9972,0.9985,1.0662,1.0489,2.5604
Bitcoin,5618,196,3062,73781.24185982272,19700987,19700987,21000000,69661.47011915158,27055718257,1372399717218,1374083110,0.9972,0.9985,1.0662,1.0489,2.5604
Bitcoin,5618,196,3062,73781.24185982272,19700987,19700987,21000000,69654.9113781136,27054903771,1372270503546,1372479118,0.9971,0.9984,1.0661,1.0488,2.5601
Bitcoin,5618,196,3062,73781.24185982272,19700987,19700987,21000000,69655.98318658005,27052544023,1372291619231,1372362747,0.9971,0.9984,1.0661,1.0488,2.5602
Bitcoin,5618,196,3062,73781.24185982272,19700987,19700987,21000000,69654.27599785154,27031926816,1372257985928,1367500124,0.9973,0.9982,1.06,1.0483,2.5621
Bitcoin,5618,196,3062,73781.24185982272,19700987,19700987,21000000,69644.71828272865,26999982702,1372069689506,1365276505,0.9971,0.9981,1.0598,1.0482,2.5617
Bitcoin,5618,196,3062,73781.24185982272,19700987,19700987,21000000,69644.7175313559,26995501883,1372069674703,1364075533,0.9971,0.9981,1.0598,1.0482,2.5617
Bitcoin,5618,196,3062,73781.24185982272,19700987,19700987,21000000,69621.91844668885,26832724870,1371620510233,1365063258,0.9968,0.9978,1.0595,1.0479,2.5609
Bitcoin,5618,196,3062,73781.24185982272,19700987,19700987,21000000,69613.45051727202,26867597706,1371453683665,1364074682,0.9967,0.9977,1.0593,1.0477,2.5606
Bitcoin,5618,196,3062,73781.24185982272,19700987,19700987,21000000,69613.66991463408,26864172733,1371458006010,1364117050,0.9967,0.9977,1.0593,1.0477,2.5606
Bitcoin,5618,196,3062,73781.24185982272,19700987,19700987,21000000,69586.05810530038,26857541667,1370914026113,1367836026,0.9963,0.9973,1.0589,1.0473,2.5596
Bitcoin,5618,196,3062,73781.24185982272,19700987,19700987,21000000,69578.68780914084,26864192180,1370768824004,1367411982,0.9962,0.9972,1.0588,1.0472,2.5593
Bitcoin,5618,196,3062,73781.24185982272,19700987,19700987,21000000,69569.1056732899,26880683625,1370580046471,1369016369,0.9961,0.997,1.0587,1.0471,2.5589
Bitcoin,5618,196,3062,73781.24185982272,19700987,19700987,21000000,69568.23757496389,26881402216,1370562944077,1372788082,0.9961,0.997,1.0586,1.0471,2.5589
Bitcoin,5618,196,3063,73781.24185982272,19700987,19700987,21000000,69568.23758042169,26875896864,1370562944184,1374709896,0.9961,0.997,1.0586,1.0471,2.5589
Bitcoin,5618,196,3063,73781.24185982272,19700987,19700987,21000000,69573.9736545197,26889854956,1370675950506,1376951824,0.9961,0.9971,1.0587,1.0471,2.5591
Bitcoin,5618,196,3063,73781.24185982272,19700987,19700987,21000000,69576.16205089971,26892331522,1370719064074,1342234579,0.9962,0.9971,1.0588,1.0472,2.5592
Bitcoin,5618,196,3063,73781.24185982272,19700987,19700987,21000000,69601.01896077543,26898768386,1371208769732,1338033860,0.9965,0.9975,1.0591,1.0475,2.5601
Bitcoin,5618,196,3063,73781.24185982272,19700987,19700987,21000000,69609.92851160577,26902184292,1371384296678,1334063156,0.9993,0.997,1.0625,1.0478,2.5604
Bitcoin,5618,196,3063,73781.24185982272,19700987,19700987,21000000,69614.30049366396,26904054195,1371470429039,1366617045,0.9994,0.9971,1.0626,1.0478,2.5606
Bitcoin,5618,196,3063,73781.24185982272,19700987,19700987,21000000,69599.98028964683,26899076300,1371188306886,1367361501,0.9991,0.9969,1.0624,1.0476,2.5601
Bitcoin,5618,196,3063,73781.24185982272,19700987,19700987,21000000,69600.32319746351,26920746450,1371195062509,1340995306,0.9992,0.9969,1.0624,1.0476,2.5601
Bitcoin,5618,196,3063,73781.24185982272,19700987,19700987,21000000,69601.09392104376,26939063810,1371210246524,1323114595,0.9992,0.9969,1.0624,1.0476,2.5601
Bitcoin,5618,196,3063,73781.24185982272,19700987,19700987,21000000,69632.84424920504,26949759180,1371835759326,1326602359,0.9996,0.9973,1.0629,1.0481,2.5613
Bitcoin,5618,196,3063,73781.24185982272,19700987,19700987,21000000,69643.4640540242,26953495532,1372044979963,1334784192,0.9998,0.9975,1.0631,1.0483,2.5617
Bitcoin,5618,196,3063,73781.24185982272,19700987,19700987,21000000,69643.4640995889,26948181903,1372044980860,1335850086,0.9998,0.9975,1.0631,1.0483,2.5617
Bitcoin,5618,196,3063,73781.24185982272,19700987,19700987,21000000,69644.7326001057,26946723710,1372069971573,1336521002,0.9998,0.9975,1.0631,1.0483,2.5617
Bitcoin,5618,196,3063,73781.24185982272,19700987,19700987,21000000,69644.7326001057,26946723710,1372069971573,1336521002,0.9998,0.9975,1.0631,1.0483,2.5617
Bitcoin,5618,196,3063,73781.24185982272,19700987,19700987,21000000,69664.65600788788,26956979486,1372462482370,1350296843,1.0001,0.9978,1.0634,1.0486,2.5625
Bitcoin,5618,196,3063,73781.24185982272,19700987,19700987,21000000,69671.4559554058,26958812176,1372596448048,1346678750,1.0002,0.9979,1.0635,1.0487,2.5627
Bitcoin,5618,196,3063,73781.24185982272,19700987,19700987,21000000,69685.24528861335,26965712392,1372868111522,1356030597,1.0004,0.9981,1.0637,1.0489,2.5632
Bitcoin,5618,196,3063,73781.24185982272,19700987,19700987,21000000,69723.4823805373,26977970557,1373621419973,1340079955,1.0005,0.9987,1.0659,1.0493,2.5636
Bitcoin,5618,196,3063,73781.24185982272,19700987,19700987,21000000,69723.4823805373,26977970557,1373621419973,1340079955,1.0005,0.9987,1.0659,1.0493,2.5636
Bitcoin,5618,196,3063,73781.24185982272,19700987,19700987,21000000,69709.38170652736,26973428240,1373343622778,1345967348,1.0003,0.9985,1.0657,1.0491,2.5631
Bitcoin,5618,196,3063,73781.24185982272,19700987,19700987,21000000,69711.95620544723,26971008621,1373394342948,1349715493,1.0004,0.9986,1.0657,1.0491,2.5632
Bitcoin,5618,196,3063,73781.24185982272,19700987,19700987,21000000,69687.71818373798,26960265901,1372916829997,1353096084,1.0,0.9982,1.0654,1.0488,2.5623
Bitcoin,5618,196,3063,73781.24185982272,19700987,19700987,21000000,69674.6350457048,26955416866,1372659079265,1355329293,0.9998,0.998,1.0652,1.0486,2.5619
Bitcoin,5618,196,3063,73781.24185982272,19700987,19700987,21000000,69619.59363063358,26964503027,1371574709062,1354484423,0.999,0.9973,1.0643,1.0478,2.5598
Bitcoin,5618,196,3063,73781.24185982272,19700987,19700987,21000000,69620.425097392,26963972839,1371591089778,1363341807,0.999,0.9973,1.0643,1.0478,2.5599
Bitcoin,5618,196,3063,73781.24185982272,19700987,19700987,21000000,69621.48855548757,26967924960,1371612040952,1356798657,0.9991,0.9973,1.0644,1.0478,2.5599
Bitcoin,5618,196,3063,73781.24185982272,19700987,19700987,21000000,69620.0715656536,26960365973,1371584124854,1347376918,0.999,0.9973,1.0643,1.0478,2.5598
Bitcoin,5618,196,3063,73781.24185982272,19700987,19700987,21000000,69619.75697802307,26958911250,1371577927167,1341941414,0.999,0.9973,1.0643,1.0478,2.5598
Bitcoin,5618,196,3063,73781.24185982272,19700987,19700987,21000000,69621.38384272318,26963042698,1371609978007,1344058224,0.9991,0.9973,1.0644,1.0478,2.5599
Bitcoin,5618,196,3063,73781.24185982272,19700987,19700987,21000000,69624.02227965339,26955870869,1371661957819,1347784376,0.9991,0.9973,1.0644,1.0478,2.56
Bitcoin,5618,196,3063,73781.24185982272,19700987,19700987,21000000,69622.97006431775,26955689112,1371641228138,1347553610,0.9991,0.9973,1.0644,1.0478,2.56
